County,School Year,Percent_PBE
Anderson,2010-2011,0.2
Anderson,2011-2012,0.24
Anderson,2012-2013,0.33
Anderson,2013-2014,0.29
Anderson,2014-2015,0.29
Anderson,2015-2016,0.35
Anderson,2016-2017,0.5
Anderson,2017-2018,0.75
Andrews,2010-2011,0.36
Andrews,2011-2012,0.52
Andrews,2012-2013,0.63
Andrews,2013-2014,0.66
Andrews,2014-2015,0.82
Andrews,2015-2016,0.75
Andrews,2016-2017,0.9
Andrews,2017-2018,1.07
Angelina,2010-2011,0.33
Angelina,2011-2012,0.44
Angelina,2012-2013,0.46
Angelina,2013-2014,0.55
Angelina,2014-2015,0.49
Angelina,2015-2016,0.7
Angelina,2016-2017,0.63
Angelina,2017-2018,0.67
Aransas,2010-2011,0.25
Aransas,2011-2012,0.46
Aransas,2012-2013,0.52
Aransas,2013-2014,0.98
Aransas,2014-2015,1.2
Aransas,2015-2016,1.22
Aransas,2016-2017,1.39
Aransas,2017-2018,1.49
Archer,2010-2011,0.6
Archer,2011-2012,0.49
Archer,2012-2013,0.61
Archer,2013-2014,0.33
Archer,2014-2015,0.56
Archer,2015-2016,0.61
Archer,2016-2017,0.45
Archer,2017-2018,0.81
Armstrong,2010-2011,0.59
Armstrong,2011-2012,1.43
Armstrong,2012-2013,1.44
Armstrong,2013-2014,1.98
Armstrong,2014-2015,2.06
Armstrong,2015-2016,0.59
Armstrong,2016-2017,1.9
Armstrong,2017-2018,1.44
Atascosa,2010-2011,0.18
Atascosa,2011-2012,0.23
Atascosa,2012-2013,0.23
Atascosa,2013-2014,0.26
Atascosa,2014-2015,0.3
Atascosa,2015-2016,0.16
Atascosa,2016-2017,0.2
Atascosa,2017-2018,0.24
Austin,2010-2011,0.46
Austin,2011-2012,0.28
Austin,2012-2013,0.56
Austin,2013-2014,0.27
Austin,2014-2015,0.53
Austin,2015-2016,0.74
Austin,2016-2017,0.85
Austin,2017-2018,1.05
Bailey,2010-2011,0.59
Bailey,2011-2012,0.57
Bailey,2012-2013,0.58
Bailey,2013-2014,0.75
Bailey,2014-2015,0.68
Bailey,2015-2016,0.67
Bailey,2016-2017,0.74
Bailey,2017-2018,0.89
Bandera,2010-2011,0.38
Bandera,2011-2012,0.35
Bandera,2012-2013,0.67
Bandera,2013-2014,1
Bandera,2014-2015,1.03
Bandera,2015-2016,1.44
Bandera,2016-2017,2.24
Bandera,2017-2018,2.26
Bastrop,2010-2011,0.63
Bastrop,2011-2012,0.88
Bastrop,2012-2013,0.91
Bastrop,2013-2014,0.96
Bastrop,2014-2015,1.29
Bastrop,2015-2016,1.08
Bastrop,2016-2017,1.37
Bastrop,2017-2018,1.39
Baylor,2010-2011,0.92
Baylor,2011-2012,1.28
Baylor,2012-2013,1.43
Baylor,2013-2014,1.52
Baylor,2014-2015,3.36
Baylor,2015-2016,1.23
Baylor,2016-2017,0.7
Baylor,2017-2018,0.36
Bee,2010-2011,0.19
Bee,2011-2012,0.27
Bee,2012-2013,0.23
Bee,2013-2014,0.46
Bee,2014-2015,0.52
Bee,2015-2016,0.24
Bee,2016-2017,0.23
Bee,2017-2018,0.26
Bell,2010-2011,0.21
Bell,2011-2012,0.37
Bell,2012-2013,0.37
Bell,2013-2014,0.49
Bell,2014-2015,0.58
Bell,2015-2016,0.71
Bell,2016-2017,0.79
Bell,2017-2018,0.91
Bexar,2010-2011,0.26
Bexar,2011-2012,0.32
Bexar,2012-2013,0.36
Bexar,2013-2014,0.45
Bexar,2014-2015,0.52
Bexar,2015-2016,0.67
Bexar,2016-2017,0.69
Bexar,2017-2018,0.8
Blanco,2010-2011,1.83
Blanco,2011-2012,2.08
Blanco,2012-2013,2.89
Blanco,2013-2014,3.61
Blanco,2014-2015,4.57
Blanco,2015-2016,3.06
Blanco,2016-2017,3.46
Blanco,2017-2018,3.52
Borden,2010-2011,0
Borden,2011-2012,0.95
Borden,2012-2013,0.84
Borden,2013-2014,1.17
Borden,2014-2015,1.63
Borden,2015-2016,2.04
Borden,2016-2017,3.15
Borden,2017-2018,4.24
Bosque,2010-2011,0.5
Bosque,2011-2012,0.57
Bosque,2012-2013,0.5
Bosque,2013-2014,0.49
Bosque,2014-2015,0.58
Bosque,2015-2016,0.68
Bosque,2016-2017,0.93
Bosque,2017-2018,0.78
Bowie,2010-2011,0.75
Bowie,2011-2012,0.66
Bowie,2012-2013,0.97
Bowie,2013-2014,1.12
Bowie,2014-2015,1.17
Bowie,2015-2016,1.17
Bowie,2016-2017,1.3
Bowie,2017-2018,1.28
Brazoria,2010-2011,0.3
Brazoria,2011-2012,0.43
Brazoria,2012-2013,0.46
Brazoria,2013-2014,0.6
Brazoria,2014-2015,0.7
Brazoria,2015-2016,0.8
Brazoria,2016-2017,0.79
Brazoria,2017-2018,0.93
Brazos,2010-2011,0.43
Brazos,2011-2012,0.38
Brazos,2012-2013,0.48
Brazos,2013-2014,0.49
Brazos,2014-2015,0.63
Brazos,2015-2016,0.76
Brazos,2016-2017,0.76
Brazos,2017-2018,0.76
Brewster,2010-2011,0.83
Brewster,2011-2012,0.49
Brewster,2012-2013,1.68
Brewster,2013-2014,1.46
Brewster,2014-2015,0.54
Brewster,2015-2016,1.36
Brewster,2016-2017,1.56
Brewster,2017-2018,1.72
Briscoe,2010-2011,3.23
Briscoe,2011-2012,4.12
Briscoe,2012-2013,2.56
Briscoe,2013-2014,2.86
Briscoe,2014-2015,2.16
Briscoe,2015-2016,3.55
Briscoe,2016-2017,3.26
Briscoe,2017-2018,2.02
Brooks,2010-2011,0.06
Brooks,2011-2012,0.13
Brooks,2012-2013,0
Brooks,2013-2014,0
Brooks,2014-2015,0
Brooks,2015-2016,0
Brooks,2016-2017,0.06
Brooks,2017-2018,0.19
Brown,2010-2011,1.21
Brown,2011-2012,1.07
Brown,2012-2013,1.43
Brown,2013-2014,0.6
Brown,2014-2015,0.7
Brown,2015-2016,0.62
Brown,2016-2017,0.99
Brown,2017-2018,1.15
Burleson,2010-2011,0.18
Burleson,2011-2012,0.22
Burleson,2012-2013,0.19
Burleson,2013-2014,0.11
Burleson,2014-2015,0.19
Burleson,2015-2016,0.19
Burleson,2016-2017,0.19
Burleson,2017-2018,0.4
Burnet,2010-2011,4.11
Burnet,2011-2012,1.25
Burnet,2012-2013,1.55
Burnet,2013-2014,1.75
Burnet,2014-2015,2.37
Burnet,2015-2016,2.21
Burnet,2016-2017,2.44
Burnet,2017-2018,2.64
Caldwell,2010-2011,0.35
Caldwell,2011-2012,0.35
Caldwell,2012-2013,0.49
Caldwell,2013-2014,0.66
Caldwell,2014-2015,0.76
Caldwell,2015-2016,1.07
Caldwell,2016-2017,1.26
Caldwell,2017-2018,1.35
Calhoun,2010-2011,0.47
Calhoun,2011-2012,0.46
Calhoun,2012-2013,0.56
Calhoun,2013-2014,0.51
Calhoun,2014-2015,0.47
Calhoun,2015-2016,0.39
Calhoun,2016-2017,0.47
Calhoun,2017-2018,0.59
Callahan,2010-2011,1.04
Callahan,2011-2012,1.38
Callahan,2012-2013,1.24
Callahan,2013-2014,1.12
Callahan,2014-2015,1.75
Callahan,2015-2016,1.39
Callahan,2016-2017,1.81
Callahan,2017-2018,1.46
Cameron,2010-2011,0.05
Cameron,2011-2012,0.08
Cameron,2012-2013,0.1
Cameron,2013-2014,0.54
Cameron,2014-2015,0.1
Cameron,2015-2016,0.12
Cameron,2016-2017,0.13
Cameron,2017-2018,0.13
Camp,2010-2011,0.04
Camp,2011-2012,0.04
Camp,2012-2013,0.13
Camp,2013-2014,0.08
Camp,2014-2015,0.04
Camp,2015-2016,0
Camp,2016-2017,0.04
Camp,2017-2018,0.04
Carson,2010-2011,0.45
Carson,2011-2012,0.48
Carson,2012-2013,0.77
Carson,2013-2014,0.95
Carson,2014-2015,1.2
Carson,2015-2016,1.26
Carson,2016-2017,1.44
Carson,2017-2018,1.94
Cass,2010-2011,0.33
Cass,2011-2012,0.32
Cass,2012-2013,0.23
Cass,2013-2014,0.32
Cass,2014-2015,0.23
Cass,2015-2016,0.57
Cass,2016-2017,0.56
Cass,2017-2018,0.74
Castro,2010-2011,0
Castro,2011-2012,0
Castro,2012-2013,0
Castro,2013-2014,0.22
Castro,2014-2015,0.07
Castro,2015-2016,0
Castro,2016-2017,0.38
Castro,2017-2018,0.44
Chambers,2010-2011,0.25
Chambers,2011-2012,0.19
Chambers,2012-2013,0.48
Chambers,2013-2014,0.44
Chambers,2014-2015,0.57
Chambers,2015-2016,0.8
Chambers,2016-2017,1.07
Chambers,2017-2018,1.16
Cherokee,2010-2011,0.31
Cherokee,2011-2012,0.18
Cherokee,2012-2013,0.26
Cherokee,2013-2014,0.24
Cherokee,2014-2015,0.3
Cherokee,2015-2016,0.36
Cherokee,2016-2017,0.39
Cherokee,2017-2018,0.49
Childress,2010-2011,0.09
Childress,2011-2012,0.18
Childress,2012-2013,0.09
Childress,2013-2014,0
Childress,2014-2015,0.09
Childress,2015-2016,0.09
Childress,2016-2017,0.18
Childress,2017-2018,0.19
Clay,2010-2011,0.34
Clay,2011-2012,0.24
Clay,2012-2013,0.38
Clay,2013-2014,0.37
Clay,2014-2015,0.42
Clay,2015-2016,0.52
Clay,2016-2017,0.33
Clay,2017-2018,0.73
Cochran,2010-2011,0.28
Cochran,2011-2012,0.44
Cochran,2012-2013,0.9
Cochran,2013-2014,0.38
Cochran,2014-2015,0.39
Cochran,2015-2016,0.29
Cochran,2016-2017,0.29
Cochran,2017-2018,0.3
Coke,2010-2011,0
Coke,2011-2012,0
Coke,2012-2013,0.41
Coke,2013-2014,1.24
Coke,2014-2015,1.37
Coke,2015-2016,0.79
Coke,2016-2017,1.93
Coke,2017-2018,2.72
Coleman,2010-2011,0.22
Coleman,2011-2012,0.23
Coleman,2012-2013,0
Coleman,2013-2014,0
Coleman,2014-2015,0.16
Coleman,2015-2016,0.28
Coleman,2016-2017,1.16
Coleman,2017-2018,0.66
Collin,2010-2011,1.06
Collin,2011-2012,1.17
Collin,2012-2013,1.39
Collin,2013-2014,1.61
Collin,2014-2015,1.74
Collin,2015-2016,1.92
Collin,2016-2017,2.08
Collin,2017-2018,2.21
Collingsworth,2010-2011,1.77
Collingsworth,2011-2012,2.05
Collingsworth,2012-2013,2.02
Collingsworth,2013-2014,2.31
Collingsworth,2014-2015,2.89
Collingsworth,2015-2016,1.16
Collingsworth,2016-2017,1.32
Collingsworth,2017-2018,1.99
Colorado,2010-2011,0.3
Colorado,2011-2012,0.43
Colorado,2012-2013,0.3
Colorado,2013-2014,0.3
Colorado,2014-2015,0.34
Colorado,2015-2016,0.39
Colorado,2016-2017,0.06
Colorado,2017-2018,0.35
Comal,2010-2011,0.87
Comal,2011-2012,0.98
Comal,2012-2013,1.09
Comal,2013-2014,1.56
Comal,2014-2015,1.4
Comal,2015-2016,1.6
Comal,2016-2017,1.77
Comal,2017-2018,2.07
Comanche,2010-2011,0.38
Comanche,2011-2012,0.4
Comanche,2012-2013,0.57
Comanche,2013-2014,1.28
Comanche,2014-2015,1.03
Comanche,2015-2016,0.73
Comanche,2016-2017,1.01
Comanche,2017-2018,0.93
Concho,2010-2011,0.51
Concho,2011-2012,0
Concho,2012-2013,0
Concho,2013-2014,0
Concho,2014-2015,0.51
Concho,2015-2016,0
Concho,2016-2017,1.4
Concho,2017-2018,0.66
Cooke,2010-2011,0.52
Cooke,2011-2012,0.89
Cooke,2012-2013,0.78
Cooke,2013-2014,0.68
Cooke,2014-2015,0.82
Cooke,2015-2016,0.87
Cooke,2016-2017,1.04
Cooke,2017-2018,1.02
Coryell,2010-2011,0.36
Coryell,2011-2012,0.36
Coryell,2012-2013,0.41
Coryell,2013-2014,1.21
Coryell,2014-2015,0.96
Coryell,2015-2016,0.74
Coryell,2016-2017,0.47
Coryell,2017-2018,1.01
Cottle,2010-2011,0
Cottle,2011-2012,0
Cottle,2012-2013,0
Cottle,2013-2014,
Cottle,2014-2015,0
Cottle,2015-2016,0
Cottle,2016-2017,0
Cottle,2017-2018,0
Crane,2010-2011,0.1
Crane,2011-2012,0.1
Crane,2012-2013,0.09
Crane,2013-2014,0.35
Crane,2014-2015,0.52
Crane,2015-2016,0.44
Crane,2016-2017,0.29
Crane,2017-2018,0.37
Crockett,2010-2011,0.14
Crockett,2011-2012,0.42
Crockett,2012-2013,0.4
Crockett,2013-2014,0.65
Crockett,2014-2015,1.25
Crockett,2015-2016,0.52
Crockett,2016-2017,0.54
Crockett,2017-2018,0.42
Crosby,2010-2011,0.56
Crosby,2011-2012,0.69
Crosby,2012-2013,0.7
Crosby,2013-2014,0.6
Crosby,2014-2015,1.07
Crosby,2015-2016,0.99
Crosby,2016-2017,0.72
Crosby,2017-2018,1.02
Culberson,2010-2011,0
Culberson,2011-2012,0
Culberson,2012-2013,
Culberson,2013-2014,0
Culberson,2014-2015,
Culberson,2015-2016,0
Culberson,2016-2017,0
Culberson,2017-2018,0.51
Dallam,2010-2011,0.48
Dallam,2011-2012,0.43
Dallam,2012-2013,0.21
Dallam,2013-2014,0.75
Dallam,2014-2015,0.68
Dallam,2015-2016,1.41
Dallam,2016-2017,1.13
Dallam,2017-2018,1.66
Dallas,2010-2011,0.32
Dallas,2011-2012,0.35
Dallas,2012-2013,0.41
Dallas,2013-2014,0.45
Dallas,2014-2015,0.53
Dallas,2015-2016,0.6
Dallas,2016-2017,0.64
Dallas,2017-2018,0.74
Dawson,2010-2011,0.24
Dawson,2011-2012,0.28
Dawson,2012-2013,0.28
Dawson,2013-2014,0.26
Dawson,2014-2015,0.63
Dawson,2015-2016,0.47
Dawson,2016-2017,0.64
Dawson,2017-2018,0.54
Deaf Smith,2010-2011,0.02
Deaf Smith,2011-2012,0.13
Deaf Smith,2012-2013,0.09
Deaf Smith,2013-2014,0.05
Deaf Smith,2014-2015,0.07
Deaf Smith,2015-2016,0
Deaf Smith,2016-2017,0.13
Deaf Smith,2017-2018,0.19
Delta,2010-2011,0.39
Delta,2011-2012,0.81
Delta,2012-2013,0.97
Delta,2013-2014,0.81
Delta,2014-2015,1.06
Delta,2015-2016,1.61
Delta,2016-2017,1.68
Delta,2017-2018,1.17
Denton,2010-2011,1.16
Denton,2011-2012,3.17
Denton,2012-2013,3.5
Denton,2013-2014,4.07
Denton,2014-2015,2.07
Denton,2015-2016,2.05
Denton,2016-2017,2.92
Denton,2017-2018,2.22
DeWitt,2010-2011,0.07
DeWitt,2011-2012,0.42
DeWitt,2012-2013,0.29
DeWitt,2013-2014,0.36
DeWitt,2014-2015,0.3
DeWitt,2015-2016,0.48
DeWitt,2016-2017,0.52
DeWitt,2017-2018,0.53
Dickens,2010-2011,0
Dickens,2011-2012,0
Dickens,2012-2013,1.11
Dickens,2013-2014,0.26
Dickens,2014-2015,0.69
Dickens,2015-2016,0.52
Dickens,2016-2017,0
Dickens,2017-2018,0
Dimmit,2010-2011,0
Dimmit,2011-2012,0
Dimmit,2012-2013,0.04
Dimmit,2013-2014,0.04
Dimmit,2014-2015,0
Dimmit,2015-2016,0
Dimmit,2016-2017,0
Dimmit,2017-2018,0
Donley,2010-2011,0
Donley,2011-2012,0.18
Donley,2012-2013,0.74
Donley,2013-2014,0.75
Donley,2014-2015,1.36
Donley,2015-2016,0.52
Donley,2016-2017,0.53
Donley,2017-2018,1.48
Duval,2010-2011,0
Duval,2011-2012,0
Duval,2012-2013,0
Duval,2013-2014,0.05
Duval,2014-2015,0.04
Duval,2015-2016,0.04
Duval,2016-2017,0.12
Duval,2017-2018,0.08
Eastland,2010-2011,1.23
Eastland,2011-2012,0.98
Eastland,2012-2013,1.34
Eastland,2013-2014,1.74
Eastland,2014-2015,1.66
Eastland,2015-2016,1.51
Eastland,2016-2017,2.12
Eastland,2017-2018,2.09
Ector,2010-2011,0.23
Ector,2011-2012,0.32
Ector,2012-2013,0.37
Ector,2013-2014,0.46
Ector,2014-2015,0.47
Ector,2015-2016,0.52
Ector,2016-2017,0.64
Ector,2017-2018,0.59
Edwards,2010-2011,0.35
Edwards,2011-2012,0.35
Edwards,2012-2013,0.19
Edwards,2013-2014,0.19
Edwards,2014-2015,0.19
Edwards,2015-2016,0
Edwards,2016-2017,0.38
Edwards,2017-2018,0.35
El Paso,2010-2011,0.34
El Paso,2011-2012,0.15
El Paso,2012-2013,0.14
El Paso,2013-2014,0.22
El Paso,2014-2015,0.21
El Paso,2015-2016,0.24
El Paso,2016-2017,0.23
El Paso,2017-2018,0.3
Ellis,2010-2011,0.55
Ellis,2011-2012,0.57
Ellis,2012-2013,0.69
Ellis,2013-2014,0.79
Ellis,2014-2015,0.97
Ellis,2015-2016,0.99
Ellis,2016-2017,1.21
Ellis,2017-2018,1.48
Erath,2010-2011,0.29
Erath,2011-2012,0.25
Erath,2012-2013,0.55
Erath,2013-2014,0.45
Erath,2014-2015,0.75
Erath,2015-2016,1.32
Erath,2016-2017,0.91
Erath,2017-2018,1.08
Falls,2010-2011,0.08
Falls,2011-2012,0.09
Falls,2012-2013,0.09
Falls,2013-2014,0
Falls,2014-2015,0.14
Falls,2015-2016,0.23
Falls,2016-2017,0.43
Falls,2017-2018,0.14
Fannin,2010-2011,0.74
Fannin,2011-2012,0.98
Fannin,2012-2013,0.91
Fannin,2013-2014,0.86
Fannin,2014-2015,0.93
Fannin,2015-2016,0.91
Fannin,2016-2017,1.07
Fannin,2017-2018,1.14
Fayette,2010-2011,0.5
Fayette,2011-2012,0.69
Fayette,2012-2013,0.68
Fayette,2013-2014,0.94
Fayette,2014-2015,1.05
Fayette,2015-2016,0.92
Fayette,2016-2017,0.89
Fayette,2017-2018,0.49
Fisher,2010-2011,1.37
Fisher,2011-2012,1.51
Fisher,2012-2013,1.07
Fisher,2013-2014,1.94
Fisher,2014-2015,
Fisher,2015-2016,0.57
Fisher,2016-2017,0.59
Fisher,2017-2018,0.99
Floyd,2010-2011,0
Floyd,2011-2012,0.08
Floyd,2012-2013,0
Floyd,2013-2014,0.09
Floyd,2014-2015,0
Floyd,2015-2016,0.16
Floyd,2016-2017,0.17
Floyd,2017-2018,0.23
Foard,2010-2011,0.43
Foard,2011-2012,0
Foard,2012-2013,0
Foard,2013-2014,0
Foard,2014-2015,0
Foard,2015-2016,0
Foard,2016-2017,0.44
Foard,2017-2018,0
Fort Bend,2010-2011,0.32
Fort Bend,2011-2012,0.39
Fort Bend,2012-2013,0.45
Fort Bend,2013-2014,0.57
Fort Bend,2014-2015,0.5
Fort Bend,2015-2016,0.45
Fort Bend,2016-2017,0.54
Fort Bend,2017-2018,0.58
Franklin,2010-2011,0.33
Franklin,2011-2012,0.53
Franklin,2012-2013,0.26
Franklin,2013-2014,0.38
Franklin,2014-2015,0.5
Franklin,2015-2016,0.75
Franklin,2016-2017,0.83
Franklin,2017-2018,0.64
Freestone,2010-2011,0.56
Freestone,2011-2012,0.54
Freestone,2012-2013,0.65
Freestone,2013-2014,0.7
Freestone,2014-2015,0.87
Freestone,2015-2016,0.76
Freestone,2016-2017,0.86
Freestone,2017-2018,0.99
Frio,2010-2011,0.17
Frio,2011-2012,0.1
Frio,2012-2013,0.07
Frio,2013-2014,0.1
Frio,2014-2015,0.19
Frio,2015-2016,0.06
Frio,2016-2017,0.03
Frio,2017-2018,0.16
Gaines,2010-2011,2.63
Gaines,2011-2012,2.94
Gaines,2012-2013,3.72
Gaines,2013-2014,4.32
Gaines,2014-2015,4.35
Gaines,2015-2016,4.83
Gaines,2016-2017,6.26
Gaines,2017-2018,8.78
Galveston,2010-2011,0.53
Galveston,2011-2012,0.69
Galveston,2012-2013,0.78
Galveston,2013-2014,0.91
Galveston,2014-2015,1.07
Galveston,2015-2016,0.99
Galveston,2016-2017,1.19
Galveston,2017-2018,1.26
Garza,2010-2011,0.11
Garza,2011-2012,0.45
Garza,2012-2013,0.54
Garza,2013-2014,0.59
Garza,2014-2015,0.3
Garza,2015-2016,0.6
Garza,2016-2017,0.6
Garza,2017-2018,0.42
Gillespie,2010-2011,1.2
Gillespie,2011-2012,1.4
Gillespie,2012-2013,1.53
Gillespie,2013-2014,1.75
Gillespie,2014-2015,1.64
Gillespie,2015-2016,1.77
Gillespie,2016-2017,2.04
Gillespie,2017-2018,2.92
Glasscock,2010-2011,0
Glasscock,2011-2012,0
Glasscock,2012-2013,0
Glasscock,2013-2014,0
Glasscock,2014-2015,0.34
Glasscock,2015-2016,0
Glasscock,2016-2017,0
Glasscock,2017-2018,1.68
Goliad,2010-2011,0.23
Goliad,2011-2012,0.16
Goliad,2012-2013,0.23
Goliad,2013-2014,0.38
Goliad,2014-2015,0.49
Goliad,2015-2016,0.46
Goliad,2016-2017,0.71
Goliad,2017-2018,0.45
Gonzales,2010-2011,0.21
Gonzales,2011-2012,0.19
Gonzales,2012-2013,0.16
Gonzales,2013-2014,0.26
Gonzales,2014-2015,0.2
Gonzales,2015-2016,0.22
Gonzales,2016-2017,0.15
Gonzales,2017-2018,0.2
Gray,2010-2011,0.23
Gray,2011-2012,0.29
Gray,2012-2013,0.21
Gray,2013-2014,0.28
Gray,2014-2015,0.28
Gray,2015-2016,0.12
Gray,2016-2017,0.3
Gray,2017-2018,0.18
Grayson,2010-2011,0.55
Grayson,2011-2012,0.63
Grayson,2012-2013,0.89
Grayson,2013-2014,0.85
Grayson,2014-2015,0.95
Grayson,2015-2016,0.97
Grayson,2016-2017,1.17
Grayson,2017-2018,1.46
Gregg,2010-2011,1.07
Gregg,2011-2012,0.69
Gregg,2012-2013,1.28
Gregg,2013-2014,0.61
Gregg,2014-2015,0.63
Gregg,2015-2016,0.95
Gregg,2016-2017,0.87
Gregg,2017-2018,1.11
Grimes,2010-2011,0.33
Grimes,2011-2012,0.42
Grimes,2012-2013,0.3
Grimes,2013-2014,0.48
Grimes,2014-2015,0.57
Grimes,2015-2016,0.61
Grimes,2016-2017,0.85
Grimes,2017-2018,0.95
Guadalupe,2010-2011,0.29
Guadalupe,2011-2012,0.49
Guadalupe,2012-2013,0.56
Guadalupe,2013-2014,0.73
Guadalupe,2014-2015,0.55
Guadalupe,2015-2016,0.68
Guadalupe,2016-2017,0.63
Guadalupe,2017-2018,0.87
Hale,2010-2011,0.19
Hale,2011-2012,0.17
Hale,2012-2013,0.2
Hale,2013-2014,0.29
Hale,2014-2015,0.28
Hale,2015-2016,0.17
Hale,2016-2017,0.4
Hale,2017-2018,0.45
Hall,2010-2011,0
Hall,2011-2012,0
Hall,2012-2013,0
Hall,2013-2014,0
Hall,2014-2015,0.21
Hall,2015-2016,0.16
Hall,2016-2017,0.61
Hall,2017-2018,0.31
Hamilton,2010-2011,1.33
Hamilton,2011-2012,1
Hamilton,2012-2013,1.79
Hamilton,2013-2014,1.05
Hamilton,2014-2015,1.12
Hamilton,2015-2016,0.87
Hamilton,2016-2017,0.69
Hamilton,2017-2018,0.96
Hansford,2010-2011,0.46
Hansford,2011-2012,1.09
Hansford,2012-2013,1.04
Hansford,2013-2014,0.97
Hansford,2014-2015,1.19
Hansford,2015-2016,1.33
Hansford,2016-2017,1.11
Hansford,2017-2018,1.03
Hardeman,2010-2011,0.13
Hardeman,2011-2012,0.43
Hardeman,2012-2013,0.44
Hardeman,2013-2014,0.86
Hardeman,2014-2015,1.37
Hardeman,2015-2016,1.68
Hardeman,2016-2017,2.84
Hardeman,2017-2018,0
Hardin,2010-2011,0.53
Hardin,2011-2012,0.52
Hardin,2012-2013,0.6
Hardin,2013-2014,0.63
Hardin,2014-2015,0.48
Hardin,2015-2016,0.84
Hardin,2016-2017,0.96
Hardin,2017-2018,1.02
Harris,2010-2011,0.33
Harris,2011-2012,0.39
Harris,2012-2013,0.43
Harris,2013-2014,0.57
Harris,2014-2015,0.59
Harris,2015-2016,0.62
Harris,2016-2017,0.72
Harris,2017-2018,0.83
Harrison,2010-2011,0.27
Harrison,2011-2012,0.4
Harrison,2012-2013,0.42
Harrison,2013-2014,0.49
Harrison,2014-2015,0.66
Harrison,2015-2016,0.49
Harrison,2016-2017,0.62
Harrison,2017-2018,0.78
Hartley,2010-2011,1.5
Hartley,2011-2012,1.48
Hartley,2012-2013,1.47
Hartley,2013-2014,1.5
Hartley,2014-2015,1.1
Hartley,2015-2016,2.24
Hartley,2016-2017,4.06
Hartley,2017-2018,2.69
Haskell,2010-2011,0.11
Haskell,2011-2012,0
Haskell,2012-2013,0.12
Haskell,2013-2014,0.25
Haskell,2014-2015,0.24
Haskell,2015-2016,0.4
Haskell,2016-2017,0.37
Haskell,2017-2018,0.65
Hays,2010-2011,1.17
Hays,2011-2012,0.83
Hays,2012-2013,1.39
Hays,2013-2014,1.57
Hays,2014-2015,1.75
Hays,2015-2016,1.96
Hays,2016-2017,2.2
Hays,2017-2018,2.09
Hemphill,2010-2011,0.71
Hemphill,2011-2012,1.47
Hemphill,2012-2013,1
Hemphill,2013-2014,0.62
Hemphill,2014-2015,0.86
Hemphill,2015-2016,1.03
Hemphill,2016-2017,0.63
Hemphill,2017-2018,1.35
Henderson,2010-2011,0.26
Henderson,2011-2012,0.31
Henderson,2012-2013,0.44
Henderson,2013-2014,0.66
Henderson,2014-2015,0.71
Henderson,2015-2016,0.84
Henderson,2016-2017,1.1
Henderson,2017-2018,1.3
Hidalgo,2010-2011,0.05
Hidalgo,2011-2012,0.05
Hidalgo,2012-2013,0.07
Hidalgo,2013-2014,0.1
Hidalgo,2014-2015,0.05
Hidalgo,2015-2016,0.1
Hidalgo,2016-2017,0.14
Hidalgo,2017-2018,0.19
Hill,2010-2011,0.33
Hill,2011-2012,0.43
Hill,2012-2013,0.71
Hill,2013-2014,0.48
Hill,2014-2015,0.47
Hill,2015-2016,0.54
Hill,2016-2017,0.66
Hill,2017-2018,0.75
Hockley,2010-2011,0.57
Hockley,2011-2012,0.46
Hockley,2012-2013,0.59
Hockley,2013-2014,0.56
Hockley,2014-2015,0.47
Hockley,2015-2016,0.59
Hockley,2016-2017,0.88
Hockley,2017-2018,0.58
Hood,2010-2011,1.05
Hood,2011-2012,1.17
Hood,2012-2013,1.34
Hood,2013-2014,0.8
Hood,2014-2015,1.13
Hood,2015-2016,1.73
Hood,2016-2017,2.19
Hood,2017-2018,2.07
Hopkins,2010-2011,0.31
Hopkins,2011-2012,0.43
Hopkins,2012-2013,0.52
Hopkins,2013-2014,0.59
Hopkins,2014-2015,0.56
Hopkins,2015-2016,0.77
Hopkins,2016-2017,0.94
Hopkins,2017-2018,1.02
Houston,2010-2011,0.15
Houston,2011-2012,0.17
Houston,2012-2013,0.17
Houston,2013-2014,0.17
Houston,2014-2015,0.15
Houston,2015-2016,0.57
Houston,2016-2017,0.77
Houston,2017-2018,1.07
Howard,2010-2011,0.22
Howard,2011-2012,0.28
Howard,2012-2013,0.37
Howard,2013-2014,0.59
Howard,2014-2015,0.75
Howard,2015-2016,0.71
Howard,2016-2017,0.9
Howard,2017-2018,0.86
Hudspeth,2010-2011,0
Hudspeth,2011-2012,0
Hudspeth,2012-2013,0
Hudspeth,2013-2014,0
Hudspeth,2014-2015,0
Hudspeth,2015-2016,0
Hudspeth,2016-2017,0.78
Hudspeth,2017-2018,0.18
Hunt,2010-2011,0.33
Hunt,2011-2012,0.5
Hunt,2012-2013,0.58
Hunt,2013-2014,0.72
Hunt,2014-2015,0.8
Hunt,2015-2016,0.77
Hunt,2016-2017,0.82
Hunt,2017-2018,0.98
Hutchinson,2010-2011,0.4
Hutchinson,2011-2012,0.52
Hutchinson,2012-2013,0.42
Hutchinson,2013-2014,0.67
Hutchinson,2014-2015,0.81
Hutchinson,2015-2016,0.89
Hutchinson,2016-2017,0.77
Hutchinson,2017-2018,1.29
Irion,2010-2011,0.91
Irion,2011-2012,0.92
Irion,2012-2013,1.33
Irion,2013-2014,1.24
Irion,2014-2015,1.8
Irion,2015-2016,0.62
Irion,2016-2017,0.77
Irion,2017-2018,1.08
Jack,2010-2011,0.07
Jack,2011-2012,0.07
Jack,2012-2013,0.65
Jack,2013-2014,0.26
Jack,2014-2015,0.39
Jack,2015-2016,0.78
Jack,2016-2017,1.05
Jack,2017-2018,0.95
Jackson,2010-2011,0.57
Jackson,2011-2012,0.51
Jackson,2012-2013,0.61
Jackson,2013-2014,0.41
Jackson,2014-2015,0.51
Jackson,2015-2016,0.55
Jackson,2016-2017,0.76
Jackson,2017-2018,0.6
Jasper,2010-2011,0.27
Jasper,2011-2012,0.51
Jasper,2012-2013,0.5
Jasper,2013-2014,0.47
Jasper,2014-2015,0.52
Jasper,2015-2016,0.64
Jasper,2016-2017,1.02
Jasper,2017-2018,1.38
Jeff Davis,2010-2011,3.17
Jeff Davis,2011-2012,2.03
Jeff Davis,2012-2013,2.17
Jeff Davis,2013-2014,3.07
Jeff Davis,2014-2015,2.03
Jeff Davis,2015-2016,0.3
Jeff Davis,2016-2017,0.31
Jeff Davis,2017-2018,3.19
Jefferson,2010-2011,0.16
Jefferson,2011-2012,0.19
Jefferson,2012-2013,0.3
Jefferson,2013-2014,0.37
Jefferson,2014-2015,0.41
Jefferson,2015-2016,0.53
Jefferson,2016-2017,0.49
Jefferson,2017-2018,0.66
Jim Hogg,2010-2011,0
Jim Hogg,2011-2012,0
Jim Hogg,2012-2013,0.28
Jim Hogg,2013-2014,0.29
Jim Hogg,2014-2015,0.18
Jim Hogg,2015-2016,0.09
Jim Hogg,2016-2017,0
Jim Hogg,2017-2018,0.09
Jim Wells,2010-2011,0.07
Jim Wells,2011-2012,0.09
Jim Wells,2012-2013,0.07
Jim Wells,2013-2014,0.07
Jim Wells,2014-2015,0.12
Jim Wells,2015-2016,0.16
Jim Wells,2016-2017,0.21
Jim Wells,2017-2018,0.2
Johnson,2010-2011,0.52
Johnson,2011-2012,0.7
Johnson,2012-2013,0.74
Johnson,2013-2014,0.89
Johnson,2014-2015,0.95
Johnson,2015-2016,1.26
Johnson,2016-2017,1.55
Johnson,2017-2018,1.76
Jones,2010-2011,0.04
Jones,2011-2012,0.2
Jones,2012-2013,0.3
Jones,2013-2014,0.22
Jones,2014-2015,0.43
Jones,2015-2016,0.59
Jones,2016-2017,0.66
Jones,2017-2018,0.5
Karnes,2010-2011,0.46
Karnes,2011-2012,0.1
Karnes,2012-2013,0.48
Karnes,2013-2014,0.47
Karnes,2014-2015,0.58
Karnes,2015-2016,0.38
Karnes,2016-2017,0.46
Karnes,2017-2018,0.49
Kaufman,2010-2011,0.4
Kaufman,2011-2012,0.41
Kaufman,2012-2013,0.49
Kaufman,2013-2014,0.49
Kaufman,2014-2015,0.63
Kaufman,2015-2016,0.67
Kaufman,2016-2017,0.85
Kaufman,2017-2018,0.98
Kendall,2010-2011,1.24
Kendall,2011-2012,1.73
Kendall,2012-2013,2.1
Kendall,2013-2014,2.41
Kendall,2014-2015,2.97
Kendall,2015-2016,2.5
Kendall,2016-2017,2.95
Kendall,2017-2018,3.04
Kenedy,2010-2011,0
Kenedy,2011-2012,0
Kenedy,2012-2013,0
Kenedy,2013-2014,0
Kenedy,2014-2015,0
Kenedy,2015-2016,0
Kenedy,2016-2017,0
Kenedy,2017-2018,0
Kent,2010-2011,1.31
Kent,2011-2012,1.35
Kent,2012-2013,1.48
Kent,2013-2014,1.56
Kent,2014-2015,2.65
Kent,2015-2016,2.65
Kent,2016-2017,0
Kent,2017-2018,0
Kerr,2010-2011,0.93
Kerr,2011-2012,1
Kerr,2012-2013,1.36
Kerr,2013-2014,1.33
Kerr,2014-2015,1.44
Kerr,2015-2016,1.58
Kerr,2016-2017,1.7
Kerr,2017-2018,1.95
Kimble,2010-2011,0.46
Kimble,2011-2012,0.48
Kimble,2012-2013,0.63
Kimble,2013-2014,0.16
Kimble,2014-2015,0.48
Kimble,2015-2016,0
Kimble,2016-2017,0
Kimble,2017-2018,0.87
King,2010-2011,1.75
King,2011-2012,1.96
King,2012-2013,0
King,2013-2014,0
King,2014-2015,0.89
King,2015-2016,0.87
King,2016-2017,2.8
King,2017-2018,0
Kinney,2010-2011,0
Kinney,2011-2012,0
Kinney,2012-2013,0.68
Kinney,2013-2014,0
Kinney,2014-2015,0.62
Kinney,2015-2016,0
Kinney,2016-2017,0
Kinney,2017-2018,0
Kleberg,2010-2011,0.47
Kleberg,2011-2012,0.62
Kleberg,2012-2013,0.51
Kleberg,2013-2014,0.62
Kleberg,2014-2015,0.69
Kleberg,2015-2016,0.44
Kleberg,2016-2017,0.47
Kleberg,2017-2018,0.64
Knox,2010-2011,0.28
Knox,2011-2012,0.41
Knox,2012-2013,0.26
Knox,2013-2014,0.51
Knox,2014-2015,0.25
Knox,2015-2016,0.24
Knox,2016-2017,0.28
Knox,2017-2018,0.27
Lamar,2010-2011,0.21
Lamar,2011-2012,0.36
Lamar,2012-2013,0.27
Lamar,2013-2014,0.3
Lamar,2014-2015,0.43
Lamar,2015-2016,0.75
Lamar,2016-2017,0.9
Lamar,2017-2018,1.11
Lamb,2010-2011,0
Lamb,2011-2012,0.03
Lamb,2012-2013,0.07
Lamb,2013-2014,0
Lamb,2014-2015,0.05
Lamb,2015-2016,0.07
Lamb,2016-2017,0.19
Lamb,2017-2018,0.35
Lampasas,2010-2011,0.92
Lampasas,2011-2012,0.77
Lampasas,2012-2013,0.83
Lampasas,2013-2014,5.02
Lampasas,2014-2015,1.19
Lampasas,2015-2016,1.46
Lampasas,2016-2017,1.74
Lampasas,2017-2018,2.02
La Salle,2010-2011,0.33
La Salle,2011-2012,0
La Salle,2012-2013,0.34
La Salle,2013-2014,0.22
La Salle,2014-2015,
La Salle,2015-2016,0.31
La Salle,2016-2017,0.31
La Salle,2017-2018,0.15
Lavaca,2010-2011,0.12
Lavaca,2011-2012,0.24
Lavaca,2012-2013,0.15
Lavaca,2013-2014,0.27
Lavaca,2014-2015,0.38
Lavaca,2015-2016,0.47
Lavaca,2016-2017,0.52
Lavaca,2017-2018,0.55
Lee,2010-2011,0.31
Lee,2011-2012,0.54
Lee,2012-2013,0.45
Lee,2013-2014,0.57
Lee,2014-2015,0.61
Lee,2015-2016,0.76
Lee,2016-2017,0.65
Lee,2017-2018,0.81
Leon,2010-2011,0.29
Leon,2011-2012,0.36
Leon,2012-2013,0.33
Leon,2013-2014,0.37
Leon,2014-2015,0.26
Leon,2015-2016,0.26
Leon,2016-2017,0.78
Leon,2017-2018,0.9
Liberty,2010-2011,0.25
Liberty,2011-2012,0.34
Liberty,2012-2013,0.29
Liberty,2013-2014,0.39
Liberty,2014-2015,0.35
Liberty,2015-2016,0.52
Liberty,2016-2017,0.57
Liberty,2017-2018,0.73
Limestone,2010-2011,0.13
Limestone,2011-2012,0.13
Limestone,2012-2013,0.12
Limestone,2013-2014,0.23
Limestone,2014-2015,0.28
Limestone,2015-2016,0.32
Limestone,2016-2017,0.36
Limestone,2017-2018,0.47
Lipscomb,2010-2011,0.26
Lipscomb,2011-2012,0
Lipscomb,2012-2013,0
Lipscomb,2013-2014,0.65
Lipscomb,2014-2015,0.43
Lipscomb,2015-2016,0.15
Lipscomb,2016-2017,0.13
Lipscomb,2017-2018,0.49
Live Oak,2010-2011,0.29
Live Oak,2011-2012,0.36
Live Oak,2012-2013,0.52
Live Oak,2013-2014,0.4
Live Oak,2014-2015,0.49
Live Oak,2015-2016,0.34
Live Oak,2016-2017,0.41
Live Oak,2017-2018,0.63
Llano,2010-2011,1.04
Llano,2011-2012,0.86
Llano,2012-2013,1.21
Llano,2013-2014,1.19
Llano,2014-2015,1.39
Llano,2015-2016,1.38
Llano,2016-2017,1.35
Llano,2017-2018,1.28
Loving,2010-2011,0
Loving,2011-2012,0
Loving,2012-2013,0
Loving,2013-2014,0
Loving,2014-2015,0
Loving,2015-2016,0
Loving,2016-2017,0
Loving,2017-2018,0
Lubbock,2010-2011,0.45
Lubbock,2011-2012,0.59
Lubbock,2012-2013,0.64
Lubbock,2013-2014,0.85
Lubbock,2014-2015,1.01
Lubbock,2015-2016,1.11
Lubbock,2016-2017,1.31
Lubbock,2017-2018,1.31
Lynn,2010-2011,0.41
Lynn,2011-2012,0.65
Lynn,2012-2013,0.98
Lynn,2013-2014,0.87
Lynn,2014-2015,1.07
Lynn,2015-2016,0.88
Lynn,2016-2017,0.88
Lynn,2017-2018,1.49
Madison,2010-2011,0.16
Madison,2011-2012,0.33
Madison,2012-2013,0.39
Madison,2013-2014,0.46
Madison,2014-2015,0.48
Madison,2015-2016,0.4
Madison,2016-2017,0.4
Madison,2017-2018,0.71
Marion,2010-2011,0.24
Marion,2011-2012,0.17
Marion,2012-2013,0.17
Marion,2013-2014,0.18
Marion,2014-2015,0.17
Marion,2015-2016,0.42
Marion,2016-2017,1
Marion,2017-2018,1.14
Martin,2010-2011,0.51
Martin,2011-2012,1.01
Martin,2012-2013,0.47
Martin,2013-2014,0.74
Martin,2014-2015,3.23
Martin,2015-2016,0.75
Martin,2016-2017,0.74
Martin,2017-2018,1.14
Mason,2010-2011,0.48
Mason,2011-2012,0.8
Mason,2012-2013,0.92
Mason,2013-2014,1.36
Mason,2014-2015,1.9
Mason,2015-2016,1.89
Mason,2016-2017,1.35
Mason,2017-2018,2.17
Matagorda,2010-2011,1.49
Matagorda,2011-2012,0.27
Matagorda,2012-2013,0.46
Matagorda,2013-2014,0.59
Matagorda,2014-2015,0.51
Matagorda,2015-2016,0.67
Matagorda,2016-2017,0.69
Matagorda,2017-2018,0.91
Maverick,2010-2011,0.01
Maverick,2011-2012,0.02
Maverick,2012-2013,0.03
Maverick,2013-2014,0.06
Maverick,2014-2015,0.03
Maverick,2015-2016,0.03
Maverick,2016-2017,0.07
Maverick,2017-2018,0.05
Mcculloch,2010-2011,0.13
Mcculloch,2011-2012,0.28
Mcculloch,2012-2013,0.47
Mcculloch,2013-2014,0.32
Mcculloch,2014-2015,0.54
Mcculloch,2015-2016,0.47
Mcculloch,2016-2017,0.36
Mcculloch,2017-2018,0.65
Mclennan,2010-2011,0.22
Mclennan,2011-2012,0.27
Mclennan,2012-2013,0.26
Mclennan,2013-2014,0.31
Mclennan,2014-2015,0.33
Mclennan,2015-2016,0.35
Mclennan,2016-2017,0.48
Mclennan,2017-2018,0.56
Mcmullen,2010-2011,0.61
Mcmullen,2011-2012,0.97
Mcmullen,2012-2013,0.88
Mcmullen,2013-2014,0
Mcmullen,2014-2015,0.4
Mcmullen,2015-2016,0.81
Mcmullen,2016-2017,1.21
Mcmullen,2017-2018,0.41
Medina,2010-2011,0.19
Medina,2011-2012,0.22
Medina,2012-2013,0.3
Medina,2013-2014,0.34
Medina,2014-2015,0.42
Medina,2015-2016,0.34
Medina,2016-2017,0.3
Medina,2017-2018,0.44
Menard,2010-2011,1.32
Menard,2011-2012,0
Menard,2012-2013,0
Menard,2013-2014,0
Menard,2014-2015,0
Menard,2015-2016,0.71
Menard,2016-2017,0.36
Menard,2017-2018,0
Midland,2010-2011,0.32
Midland,2011-2012,0.2
Midland,2012-2013,0.39
Midland,2013-2014,0.67
Midland,2014-2015,0.51
Midland,2015-2016,0.79
Midland,2016-2017,0.94
Midland,2017-2018,0.84
Milam,2010-2011,0.35
Milam,2011-2012,0.27
Milam,2012-2013,0.55
Milam,2013-2014,0.46
Milam,2014-2015,0.89
Milam,2015-2016,0.73
Milam,2016-2017,0.66
Milam,2017-2018,0.64
Mills,2010-2011,0.7
Mills,2011-2012,0.98
Mills,2012-2013,1.09
Mills,2013-2014,0.86
Mills,2014-2015,1.08
Mills,2015-2016,1.65
Mills,2016-2017,1.61
Mills,2017-2018,1.97
Mitchell,2010-2011,0.07
Mitchell,2011-2012,0.3
Mitchell,2012-2013,0.42
Mitchell,2013-2014,0.67
Mitchell,2014-2015,0.62
Mitchell,2015-2016,0.21
Mitchell,2016-2017,0.22
Mitchell,2017-2018,0.08
Montague,2010-2011,0.53
Montague,2011-2012,0.64
Montague,2012-2013,3.94
Montague,2013-2014,0.49
Montague,2014-2015,0.73
Montague,2015-2016,0.78
Montague,2016-2017,1.46
Montague,2017-2018,2.3
Montgomery,2010-2011,0.88
Montgomery,2011-2012,1.06
Montgomery,2012-2013,1.17
Montgomery,2013-2014,0.72
Montgomery,2014-2015,1.74
Montgomery,2015-2016,1.73
Montgomery,2016-2017,1.76
Montgomery,2017-2018,1.94
Moore,2010-2011,0.14
Moore,2011-2012,0.12
Moore,2012-2013,0.16
Moore,2013-2014,0.18
Moore,2014-2015,0.17
Moore,2015-2016,0.19
Moore,2016-2017,0.12
Moore,2017-2018,0.15
Morris,2010-2011,0
Morris,2011-2012,0.08
Morris,2012-2013,0.05
Morris,2013-2014,0.07
Morris,2014-2015,0.1
Morris,2015-2016,0.11
Morris,2016-2017,0.16
Morris,2017-2018,0.28
Motley,2010-2011,0
Motley,2011-2012,0.55
Motley,2012-2013,0
Motley,2013-2014,0
Motley,2014-2015,
Motley,2015-2016,0
Motley,2016-2017,0.65
Motley,2017-2018,0.62
Nacogdoches,2010-2011,0.29
Nacogdoches,2011-2012,0.43
Nacogdoches,2012-2013,0.6
Nacogdoches,2013-2014,0.66
Nacogdoches,2014-2015,0.54
Nacogdoches,2015-2016,1.25
Nacogdoches,2016-2017,1.32
Nacogdoches,2017-2018,0.8
Navarro,2010-2011,0.21
Navarro,2011-2012,0.25
Navarro,2012-2013,0.24
Navarro,2013-2014,0.35
Navarro,2014-2015,0.35
Navarro,2015-2016,0.35
Navarro,2016-2017,0.28
Navarro,2017-2018,0.3
Newton,2010-2011,0.45
Newton,2011-2012,0.49
Newton,2012-2013,0.46
Newton,2013-2014,0.72
Newton,2014-2015,0.22
Newton,2015-2016,1.35
Newton,2016-2017,1.1
Newton,2017-2018,1.48
Nolan,2010-2011,0.13
Nolan,2011-2012,0.25
Nolan,2012-2013,0.46
Nolan,2013-2014,0.45
Nolan,2014-2015,0.32
Nolan,2015-2016,0.54
Nolan,2016-2017,0.45
Nolan,2017-2018,0.61
Nueces,2010-2011,0.21
Nueces,2011-2012,0.25
Nueces,2012-2013,0.35
Nueces,2013-2014,0.35
Nueces,2014-2015,0.47
Nueces,2015-2016,0.52
Nueces,2016-2017,0.59
Nueces,2017-2018,0.69
Ochiltree,2010-2011,0.27
Ochiltree,2011-2012,0.22
Ochiltree,2012-2013,0.35
Ochiltree,2013-2014,0.43
Ochiltree,2014-2015,0.21
Ochiltree,2015-2016,0.13
Ochiltree,2016-2017,0.26
Ochiltree,2017-2018,0.42
Oldham,2010-2011,0.34
Oldham,2011-2012,0.55
Oldham,2012-2013,1.45
Oldham,2013-2014,0.94
Oldham,2014-2015,1.45
Oldham,2015-2016,1.28
Oldham,2016-2017,1.13
Oldham,2017-2018,1.21
Orange,2010-2011,0.73
Orange,2011-2012,0.81
Orange,2012-2013,0.45
Orange,2013-2014,0.29
Orange,2014-2015,0.75
Orange,2015-2016,0.66
Orange,2016-2017,1.01
Orange,2017-2018,0.94
Palo Pinto,2010-2011,0.78
Palo Pinto,2011-2012,0.79
Palo Pinto,2012-2013,1.07
Palo Pinto,2013-2014,0.95
Palo Pinto,2014-2015,0.92
Palo Pinto,2015-2016,0.96
Palo Pinto,2016-2017,1.1
Palo Pinto,2017-2018,1.48
Panola,2010-2011,0.25
Panola,2011-2012,0.2
Panola,2012-2013,0.41
Panola,2013-2014,0.32
Panola,2014-2015,0.25
Panola,2015-2016,0.49
Panola,2016-2017,0.65
Panola,2017-2018,0.78
Parker,2010-2011,0.6
Parker,2011-2012,0.75
Parker,2012-2013,0.8
Parker,2013-2014,1.14
Parker,2014-2015,1.4
Parker,2015-2016,1.3
Parker,2016-2017,1.61
Parker,2017-2018,1.78
Parmer,2010-2011,0.22
Parmer,2011-2012,0.43
Parmer,2012-2013,0.59
Parmer,2013-2014,0.63
Parmer,2014-2015,0.53
Parmer,2015-2016,0.95
Parmer,2016-2017,0.93
Parmer,2017-2018,0.85
Pecos,2010-2011,0
Pecos,2011-2012,0.18
Pecos,2012-2013,0.15
Pecos,2013-2014,0.31
Pecos,2014-2015,0.2
Pecos,2015-2016,0.23
Pecos,2016-2017,0.35
Pecos,2017-2018,0.37
Polk,2010-2011,0.4
Polk,2011-2012,0.31
Polk,2012-2013,0.32
Polk,2013-2014,0.48
Polk,2014-2015,0.55
Polk,2015-2016,0.54
Polk,2016-2017,0.48
Polk,2017-2018,0.76
Potter,2010-2011,0.81
Potter,2011-2012,0.8
Potter,2012-2013,0.92
Potter,2013-2014,0.94
Potter,2014-2015,0.95
Potter,2015-2016,0.9
Potter,2016-2017,1.17
Potter,2017-2018,1.21
Presidio,2010-2011,0.22
Presidio,2011-2012,0.11
Presidio,2012-2013,0.06
Presidio,2013-2014,0.06
Presidio,2014-2015,0.12
Presidio,2015-2016,0.17
Presidio,2016-2017,0.12
Presidio,2017-2018,0.33
Rains,2010-2011,0.06
Rains,2011-2012,0.06
Rains,2012-2013,0.31
Rains,2013-2014,0.45
Rains,2014-2015,1.16
Rains,2015-2016,2.85
Rains,2016-2017,1.96
Rains,2017-2018,0
Randall,2010-2011,1.21
Randall,2011-2012,1.27
Randall,2012-2013,1.3
Randall,2013-2014,1.47
Randall,2014-2015,1.67
Randall,2015-2016,1.66
Randall,2016-2017,1.75
Randall,2017-2018,1.85
Reagan,2010-2011,0
Reagan,2011-2012,0
Reagan,2012-2013,0
Reagan,2013-2014,0.12
Reagan,2014-2015,0
Reagan,2015-2016,0
Reagan,2016-2017,0
Reagan,2017-2018,0
Real,2010-2011,1.01
Real,2011-2012,0.75
Real,2012-2013,0.92
Real,2013-2014,1.05
Real,2014-2015,1.07
Real,2015-2016,1.55
Real,2016-2017,1.26
Real,2017-2018,0.76
Red River,2010-2011,0.57
Red River,2011-2012,0.8
Red River,2012-2013,1.06
Red River,2013-2014,1.19
Red River,2014-2015,1.16
Red River,2015-2016,1.21
Red River,2016-2017,1.15
Red River,2017-2018,0.85
Reeves,2010-2011,0.35
Reeves,2011-2012,0.18
Reeves,2012-2013,0.34
Reeves,2013-2014,0.38
Reeves,2014-2015,0.36
Reeves,2015-2016,0.31
Reeves,2016-2017,0.39
Reeves,2017-2018,0.37
Refugio,2010-2011,0.5
Refugio,2011-2012,0.75
Refugio,2012-2013,0.76
Refugio,2013-2014,0.89
Refugio,2014-2015,0.91
Refugio,2015-2016,0.81
Refugio,2016-2017,0.97
Refugio,2017-2018,1.38
Roberts,2010-2011,0.52
Roberts,2011-2012,0
Roberts,2012-2013,1.46
Roberts,2013-2014,0
Roberts,2014-2015,0
Roberts,2015-2016,0
Roberts,2016-2017,0
Roberts,2017-2018,0
Robertson,2010-2011,0.26
Robertson,2011-2012,0.3
Robertson,2012-2013,0.34
Robertson,2013-2014,4.14
Robertson,2014-2015,0.11
Robertson,2015-2016,0.26
Robertson,2016-2017,0.35
Robertson,2017-2018,0.29
Rockwall,2010-2011,0.94
Rockwall,2011-2012,1.16
Rockwall,2012-2013,1.33
Rockwall,2013-2014,1.44
Rockwall,2014-2015,1.41
Rockwall,2015-2016,1.49
Rockwall,2016-2017,1.77
Rockwall,2017-2018,2
Runnels,2010-2011,0.2
Runnels,2011-2012,0.41
Runnels,2012-2013,0.98
Runnels,2013-2014,0.91
Runnels,2014-2015,0.88
Runnels,2015-2016,1.06
Runnels,2016-2017,1.03
Runnels,2017-2018,0.79
Rusk,2010-2011,0.1
Rusk,2011-2012,0.25
Rusk,2012-2013,0.14
Rusk,2013-2014,0.16
Rusk,2014-2015,0.22
Rusk,2015-2016,0.27
Rusk,2016-2017,0.41
Rusk,2017-2018,0.5
Sabine,2010-2011,0.21
Sabine,2011-2012,0.05
Sabine,2012-2013,0.32
Sabine,2013-2014,0.31
Sabine,2014-2015,0.32
Sabine,2015-2016,0.67
Sabine,2016-2017,0.83
Sabine,2017-2018,1.33
San Augustine,2010-2011,0.46
San Augustine,2011-2012,0.38
San Augustine,2012-2013,0.43
San Augustine,2013-2014,0.71
San Augustine,2014-2015,0.45
San Augustine,2015-2016,0.49
San Augustine,2016-2017,0.58
San Augustine,2017-2018,0.37
San Jacinto,2010-2011,0.14
San Jacinto,2011-2012,0.68
San Jacinto,2012-2013,0.53
San Jacinto,2013-2014,0.33
San Jacinto,2014-2015,0.5
San Jacinto,2015-2016,0.58
San Jacinto,2016-2017,0.62
San Jacinto,2017-2018,0.57
San Patricio,2010-2011,0.26
San Patricio,2011-2012,0.33
San Patricio,2012-2013,0.57
San Patricio,2013-2014,0.62
San Patricio,2014-2015,0.41
San Patricio,2015-2016,0.45
San Patricio,2016-2017,0.49
San Patricio,2017-2018,0.5
San Saba,2010-2011,0.45
San Saba,2011-2012,0.67
San Saba,2012-2013,1.21
San Saba,2013-2014,0.89
San Saba,2014-2015,0.68
San Saba,2015-2016,0.67
San Saba,2016-2017,1.11
San Saba,2017-2018,1.85
Schleicher,2010-2011,0.18
Schleicher,2011-2012,0.36
Schleicher,2012-2013,0.18
Schleicher,2013-2014,0.18
Schleicher,2014-2015,0.35
Schleicher,2015-2016,0.18
Schleicher,2016-2017,0.56
Schleicher,2017-2018,0
Scurry,2010-2011,0.18
Scurry,2011-2012,0.25
Scurry,2012-2013,0
Scurry,2013-2014,0.13
Scurry,2014-2015,0.21
Scurry,2015-2016,0.25
Scurry,2016-2017,0.26
Scurry,2017-2018,0.35
Shackelford,2010-2011,0.64
Shackelford,2011-2012,1.82
Shackelford,2012-2013,1.86
Shackelford,2013-2014,0.6
Shackelford,2014-2015,1.42
Shackelford,2015-2016,1.61
Shackelford,2016-2017,2.35
Shackelford,2017-2018,2.37
Shelby,2010-2011,0.11
Shelby,2011-2012,0.2
Shelby,2012-2013,0.08
Shelby,2013-2014,0.11
Shelby,2014-2015,0.15
Shelby,2015-2016,0.17
Shelby,2016-2017,0.19
Shelby,2017-2018,0.41
Sherman,2010-2011,0.85
Sherman,2011-2012,0.86
Sherman,2012-2013,0.85
Sherman,2013-2014,1.07
Sherman,2014-2015,0.29
Sherman,2015-2016,0.43
Sherman,2016-2017,0.28
Sherman,2017-2018,0.41
Smith,2010-2011,0.47
Smith,2011-2012,0.61
Smith,2012-2013,0.64
Smith,2013-2014,0.76
Smith,2014-2015,0.89
Smith,2015-2016,0.92
Smith,2016-2017,1.14
Smith,2017-2018,1.42
Somervell,2010-2011,0.39
Somervell,2011-2012,0.66
Somervell,2012-2013,0.82
Somervell,2013-2014,0.97
Somervell,2014-2015,1.42
Somervell,2015-2016,1.66
Somervell,2016-2017,1.99
Somervell,2017-2018,2.61
Starr,2010-2011,0.01
Starr,2011-2012,0.01
Starr,2012-2013,0
Starr,2013-2014,0
Starr,2014-2015,0
Starr,2015-2016,0.01
Starr,2016-2017,0.02
Starr,2017-2018,0.02
Stephens,2010-2011,0.06
Stephens,2011-2012,0.07
Stephens,2012-2013,0.27
Stephens,2013-2014,0.35
Stephens,2014-2015,0.29
Stephens,2015-2016,0.35
Stephens,2016-2017,0.43
Stephens,2017-2018,1.19
Sterling,2010-2011,0
Sterling,2011-2012,0
Sterling,2012-2013,0
Sterling,2013-2014,0.33
Sterling,2014-2015,0.31
Sterling,2015-2016,0
Sterling,2016-2017,0
Sterling,2017-2018,1.69
Stonewall,2010-2011,0
Stonewall,2011-2012,
Stonewall,2012-2013,0.43
Stonewall,2013-2014,0
Stonewall,2014-2015,1.87
Stonewall,2015-2016,0
Stonewall,2016-2017,0
Stonewall,2017-2018,0.44
Sutton,2010-2011,0
Sutton,2011-2012,0
Sutton,2012-2013,0
Sutton,2013-2014,0
Sutton,2014-2015,0
Sutton,2015-2016,0
Sutton,2016-2017,0.13
Sutton,2017-2018,0.52
Swisher,2010-2011,0.32
Swisher,2011-2012,0.46
Swisher,2012-2013,0.4
Swisher,2013-2014,0.58
Swisher,2014-2015,0.52
Swisher,2015-2016,0.07
Swisher,2016-2017,0.32
Swisher,2017-2018,0.79
Tarrant,2010-2011,0.58
Tarrant,2011-2012,0.79
Tarrant,2012-2013,0.8
Tarrant,2013-2014,0.78
Tarrant,2014-2015,1.11
Tarrant,2015-2016,1.1
Tarrant,2016-2017,1.27
Tarrant,2017-2018,1.45
Taylor,2010-2011,0.18
Taylor,2011-2012,0.42
Taylor,2012-2013,0.33
Taylor,2013-2014,0.65
Taylor,2014-2015,0.76
Taylor,2015-2016,0.65
Taylor,2016-2017,0.8
Taylor,2017-2018,0.93
Terrell,2010-2011,0
Terrell,2011-2012,0
Terrell,2012-2013,0
Terrell,2013-2014,1.67
Terrell,2014-2015,1.54
Terrell,2015-2016,1.33
Terrell,2016-2017,0
Terrell,2017-2018,0
Terry,2010-2011,0.09
Terry,2011-2012,0.15
Terry,2012-2013,0.04
Terry,2013-2014,0.05
Terry,2014-2015,0.04
Terry,2015-2016,0
Terry,2016-2017,0.4
Terry,2017-2018,0.53
Throckmorton,2010-2011,0.32
Throckmorton,2011-2012,0
Throckmorton,2012-2013,0.67
Throckmorton,2013-2014,1.4
Throckmorton,2014-2015,0
Throckmorton,2015-2016,0.66
Throckmorton,2016-2017,0.33
Throckmorton,2017-2018,1.69
Titus,2010-2011,0.26
Titus,2011-2012,0.28
Titus,2012-2013,0.25
Titus,2013-2014,0.28
Titus,2014-2015,0.37
Titus,2015-2016,0.5
Titus,2016-2017,0.33
Titus,2017-2018,0.36
Tom Green,2010-2011,0.17
Tom Green,2011-2012,0.27
Tom Green,2012-2013,0.23
Tom Green,2013-2014,0.39
Tom Green,2014-2015,0.51
Tom Green,2015-2016,0.68
Tom Green,2016-2017,0.72
Tom Green,2017-2018,0.84
Travis,2010-2011,1.13
Travis,2011-2012,1.53
Travis,2012-2013,1.74
Travis,2013-2014,1.75
Travis,2014-2015,2.08
Travis,2015-2016,2.3
Travis,2016-2017,2.45
Travis,2017-2018,2.72
Trinity,2010-2011,0.27
Trinity,2011-2012,0.57
Trinity,2012-2013,0.41
Trinity,2013-2014,0.61
Trinity,2014-2015,0.47
Trinity,2015-2016,0.45
Trinity,2016-2017,0.41
Trinity,2017-2018,0.9
Tyler,2010-2011,0.53
Tyler,2011-2012,0.32
Tyler,2012-2013,0.76
Tyler,2013-2014,0.79
Tyler,2014-2015,0.72
Tyler,2015-2016,0.65
Tyler,2016-2017,1.01
Tyler,2017-2018,1.07
Upshur,2010-2011,2.13
Upshur,2011-2012,2.2
Upshur,2012-2013,1.92
Upshur,2013-2014,0.91
Upshur,2014-2015,1.01
Upshur,2015-2016,0.91
Upshur,2016-2017,1.08
Upshur,2017-2018,1.57
Upton,2010-2011,0
Upton,2011-2012,0
Upton,2012-2013,0
Upton,2013-2014,0.62
Upton,2014-2015,0.49
Upton,2015-2016,0.37
Upton,2016-2017,0.53
Upton,2017-2018,0.49
Uvalde,2010-2011,0.13
Uvalde,2011-2012,0.2
Uvalde,2012-2013,0.21
Uvalde,2013-2014,0.23
Uvalde,2014-2015,0.34
Uvalde,2015-2016,0.48
Uvalde,2016-2017,0.69
Uvalde,2017-2018,0.68
Val Verde,2010-2011,0.08
Val Verde,2011-2012,0.11
Val Verde,2012-2013,0.08
Val Verde,2013-2014,0.14
Val Verde,2014-2015,0.16
Val Verde,2015-2016,0.18
Val Verde,2016-2017,0.23
Val Verde,2017-2018,0.19
Van Zandt,2010-2011,0.75
Van Zandt,2011-2012,0.86
Van Zandt,2012-2013,0.99
Van Zandt,2013-2014,1.09
Van Zandt,2014-2015,1.59
Van Zandt,2015-2016,1.22
Van Zandt,2016-2017,1.59
Van Zandt,2017-2018,1.65
Victoria,2010-2011,0.15
Victoria,2011-2012,0.21
Victoria,2012-2013,0.08
Victoria,2013-2014,0.07
Victoria,2014-2015,0.21
Victoria,2015-2016,0.27
Victoria,2016-2017,0.18
Victoria,2017-2018,0.15
Walker,2010-2011,0.2
Walker,2011-2012,0.16
Walker,2012-2013,0.24
Walker,2013-2014,0.5
Walker,2014-2015,0.52
Walker,2015-2016,1
Walker,2016-2017,0.5
Walker,2017-2018,0.79
Waller,2010-2011,0.07
Waller,2011-2012,0.3
Waller,2012-2013,0.33
Waller,2013-2014,0.55
Waller,2014-2015,0.98
Waller,2015-2016,0.71
Waller,2016-2017,0.75
Waller,2017-2018,0.82
Ward,2010-2011,0.19
Ward,2011-2012,0.14
Ward,2012-2013,0.22
Ward,2013-2014,0.34
Ward,2014-2015,0.17
Ward,2015-2016,0.17
Ward,2016-2017,0.33
Ward,2017-2018,0.44
Washington,2010-2011,0.2
Washington,2011-2012,0.09
Washington,2012-2013,0.27
Washington,2013-2014,0.3
Washington,2014-2015,0.66
Washington,2015-2016,0.79
Washington,2016-2017,0.43
Washington,2017-2018,0.83
Webb,2010-2011,0.05
Webb,2011-2012,0.04
Webb,2012-2013,0.05
Webb,2013-2014,0.06
Webb,2014-2015,0.05
Webb,2015-2016,0.08
Webb,2016-2017,0.1
Webb,2017-2018,0.12
Wharton,2010-2011,0.14
Wharton,2011-2012,0.16
Wharton,2012-2013,0.17
Wharton,2013-2014,0.19
Wharton,2014-2015,0.21
Wharton,2015-2016,0.2
Wharton,2016-2017,0.22
Wharton,2017-2018,0.21
Wheeler,2010-2011,0.57
Wheeler,2011-2012,0.75
Wheeler,2012-2013,0.82
Wheeler,2013-2014,1.09
Wheeler,2014-2015,2.39
Wheeler,2015-2016,1.87
Wheeler,2016-2017,1.95
Wheeler,2017-2018,1.83
Wichita,2010-2011,0.41
Wichita,2011-2012,0.37
Wichita,2012-2013,0.46
Wichita,2013-2014,0.49
Wichita,2014-2015,0.55
Wichita,2015-2016,0.53
Wichita,2016-2017,0.76
Wichita,2017-2018,0.75
Wilbarger,2010-2011,0
Wilbarger,2011-2012,0
Wilbarger,2012-2013,0.08
Wilbarger,2013-2014,0
Wilbarger,2014-2015,2.07
Wilbarger,2015-2016,0.22
Wilbarger,2016-2017,0.17
Wilbarger,2017-2018,0
Willacy,2010-2011,0.05
Willacy,2011-2012,0.05
Willacy,2012-2013,0.11
Willacy,2013-2014,0.13
Willacy,2014-2015,0.18
Willacy,2015-2016,0.02
Willacy,2016-2017,0.02
Willacy,2017-2018,0.05
Williamson,2010-2011,1.2
Williamson,2011-2012,1.55
Williamson,2012-2013,1.79
Williamson,2013-2014,2.11
Williamson,2014-2015,2.12
Williamson,2015-2016,1.83
Williamson,2016-2017,2.66
Williamson,2017-2018,2.68
Wilson,2010-2011,0.6
Wilson,2011-2012,0.52
Wilson,2012-2013,0.48
Wilson,2013-2014,0.48
Wilson,2014-2015,0.66
Wilson,2015-2016,0.82
Wilson,2016-2017,1.05
Wilson,2017-2018,1.3
Winkler,2010-2011,0
Winkler,2011-2012,0.06
Winkler,2012-2013,0.08
Winkler,2013-2014,0.76
Winkler,2014-2015,0.45
Winkler,2015-2016,0.06
Winkler,2016-2017,0.53
Winkler,2017-2018,0.4
Wise,2010-2011,0.57
Wise,2011-2012,0.58
Wise,2012-2013,0.73
Wise,2013-2014,0.82
Wise,2014-2015,1.02
Wise,2015-2016,0.86
Wise,2016-2017,1.12
Wise,2017-2018,1.72
Wood,2010-2011,1.4
Wood,2011-2012,0.79
Wood,2012-2013,0.9
Wood,2013-2014,0.68
Wood,2014-2015,1.16
Wood,2015-2016,1.08
Wood,2016-2017,0.98
Wood,2017-2018,0.96
Yoakum,2010-2011,0.52
Yoakum,2011-2012,0.57
Yoakum,2012-2013,0.38
Yoakum,2013-2014,0.74
Yoakum,2014-2015,0.64
Yoakum,2015-2016,1.03
Yoakum,2016-2017,0.6
Yoakum,2017-2018,0.74
Young,2010-2011,0.18
Young,2011-2012,0.06
Young,2012-2013,0.35
Young,2013-2014,0.41
Young,2014-2015,0.62
Young,2015-2016,0.77
Young,2016-2017,0.96
Young,2017-2018,0.83
Zapata,2010-2011,0
Zapata,2011-2012,0
Zapata,2012-2013,0
Zapata,2013-2014,0
Zapata,2014-2015,0
Zapata,2015-2016,0
Zapata,2016-2017,0
Zapata,2017-2018,0
Zavala,2010-2011,0.04
Zavala,2011-2012,0.17
Zavala,2012-2013,0.04
Zavala,2013-2014,0
Zavala,2014-2015,0
Zavala,2015-2016,0.09
Zavala,2016-2017,0.18
Zavala,2017-2018,0.18
