Adequate Immunization Rate,Vaccination Rate,Compliant with Idaho Regulations,Conditional Admit Records Rate,DTaP Adequate Rate,Dist_num (SchoolDistrict),Dist_num,District (SchoolDistrict),District,Exemption Record Rate,Geometry,Hep. A Adequate Rate,Hep. B Adequate Rate,INTPTLAT,INTPTLON,Incomplete or No Records Rate,MMR Adequate Rate,Meningitis Adequate Rate,NAME,Number of Records,Polio Adequate Rate,STATEFP,Tdap Adequate Rate,Total Adequate,Total Conditional Admit Records,Total Enrollment,Total Exempt,Total Incomplete or No Records,UNSDLEA,Varicella Adequate Rate,Year
91.1%,94.1%,97.1%,0.9%,94.1,1,1,Boise,1,5.1%,POLYGON,93.4,95.1,+43.2790530,-116.0363538,2.9%,94.4,93.9,Boise City Independent School District 1,1,94.8,16,95,5299,50.0%,5814,297,168,00360,92.6,2017-2018
92.8%,95.3%,99.4%,0.3%,95.3,2,2,West Ada,2,6.3%,POLYGON,94.6,95.8,+43.5503826,-116.3088816,0.6%,95.2,95.3,Meridian Joint School District 2,1,95.6,16,95.3,7983,26.0%,8603,542,52,02100,94.1,2017-2018
83.9%,93.4%,88.7%,0.5%,93.4,3,3,Kuna,3,4.2%,POLYGON,93,95,+43.3862972,-116.3609251,11.3%,93.8,81.4,Kuna Joint School District 3,1,94.5,16,82.5,954,6.0%,1137,48,129,01770,90.2,2017-2018
75.0%,100.0%,75.0%,0.0%,100,11,11,Meadows Valley,11,0.0%,POLYGON,100,100,+45.0753667,-116.3847881,25.0%,100,57.1,Meadows Valley School District 11,1,96.4,16,57.1,21,0.0%,28,0,7,02060,100,2017-2018
77.8%,85.7%,95.2%,7.9%,85.7,13,13,Council,13,9.5%,POLYGON,82.9,87.3,+44.8729972,-116.5047184,4.8%,82.5,85.7,Council School District 13,1,87.3,16,85.7,49,5.0%,63,6,3,00840,80,2017-2018
87.5%,91.0%,94.3%,1.1%,91,21,21,Marsh Valley,21,5.7%,POLYGON,89.5,93.9,+42.5610658,-112.1415877,5.7%,91.4,91.7,Marsh Valley Joint School District 21,1,92.1,16,92.6,244,3.0%,279,16,16,01950,87.7,2017-2018
94.3%,96.0%,97.5%,0.6%,96,25,25,Pocatello,25,2.6%,POLYGON,95.3,97,+42.9049160,-112.3800927,2.5%,96.3,96.3,Pocatello School District 25,1,96.3,16,96.6,2648,16.0%,2807,72,71,02640,95.1,2017-2018
96.7%,97.4%,99.6%,0.7%,97.4,33,33,Bear Lake,33,2.2%,POLYGON,97.9,97.4,+42.2824701,-111.3309721,0.4%,97.4,96.4,Bear Lake County School District 33,1,97.4,16,96.4,265,2.0%,274,6,1,00240,97.9,2017-2018
79.4%,90.0%,86.6%,0.0%,90,41,41,St Maries,41,7.2%,POLYGON,85.4,91.4,+47.2273144,-116.5351419,13.4%,88,75,St. Maries Joint School District 41,1,89.5,16,77.8,166,0.0%,209,15,28,03060,83.2,2017-2018
90.4%,93.2%,100.0%,5.5%,93.2,44,44,Plummer-Worley,44,4.1%,POLYGON,89.5,93.2,+47.3022286,-116.8707743,0.0%,93.2,100,Plummer-Worley Joint School District 44,1,91.8,16,100,66,4.0%,73,3,0,00815,91.2,2017-2018
84.7%,90.7%,88.6%,0.0%,90.7,52,52,Snake River,52,3.8%,POLYGON,91.6,95.1,+43.3318284,-112.6817242,11.4%,91.8,82.8,Snake River School District 52,1,90.7,16,82.8,311,0.0%,367,14,42,02970,88.7,2017-2018
79.6%,91.7%,83.9%,0.7%,91.7,55,55,Blackfoot,55,3.6%,POLYGON,91.3,93.5,+43.1431423,-112.2179313,16.1%,92.1,73.6,Blackfoot School District 55,1,92.3,16,77,663,6.0%,833,30,134,00270,88.1,2017-2018
97.5%,98.1%,99.4%,1.2%,98.1,58,58,Aberdeen,58,0.6%,POLYGON,99,98.1,+43.0416678,-112.8403142,0.6%,98.1,98.4,Aberdeen School District 58,1,98.1,16,98.4,157,2.0%,161,1,1,00030,100,2017-2018
88.6%,92.9%,91.8%,0.5%,92.9,59,59,Firth,59,2.7%,POLYGON,87.9,94,+43.1910953,-111.8724560,8.2%,92.9,96.1,Firth School District 59,1,91.8,16,96.1,163,1.0%,184,5,15,01080,86.9,2017-2018
94.6%,96.7%,100.0%,1.3%,96.7,60,60,Shelley,60,4.1%,POLYGON,95.7,97.4,+43.3978724,-112.2164459,0.0%,97,95.9,Shelley Joint School District 60,1,97.2,16,95.9,512,7.0%,541,22,0,02910,95.4,2017-2018
78.4%,90.6%,83.9%,0.4%,90.6,61,61,Blaine,61,5.1%,POLYGON,90.3,90.8,+43.3941920,-113.9553713,16.1%,91.4,76.2,Blaine County School District 61,1,89.9,16,78.1,585,3.0%,746,38,120,00300,88.1,2017-2018
66.7%,78.4%,98.0%,3.9%,78.4,71,71,Garden Valley,71,27.5%,POLYGON,63.6,78.4,+44.1527035,-115.5620914,2.0%,78.4,83.3,Garden Valley School District 71,1,78.4,16,83.3,34,2.0%,51,14,1,01170,60.6,2017-2018
70.0%,76.7%,91.7%,10.0%,76.7,72,72,Basin,72,11.7%,POLYGON,74.3,81.7,+43.8651546,-115.6399011,8.3%,80,76,Basin School District 72,1,78.3,16,80,42,6.0%,60,7,5,00180,71.4,2017-2018
71.7%,89.1%,78.3%,0.0%,89.1,73,73,Horseshoe Bend,73,6.5%,POLYGON,85.2,91.3,+43.9118705,-116.1304179,21.7%,87,57.9,Horseshoe Bend School District 73,1,91.3,16,57.9,33,0.0%,46,3,10,01500,85.2,2017-2018
66.4%,80.5%,74.1%,2.3%,80.5,83,83,West Bonner,83,5.5%,POLYGON,71.3,85.5,+48.4011753,-116.8965376,25.9%,80.5,84.3,West Bonner County School District 83,1,83.6,16,82.9,146,5.0%,220,12,57,00001,72.7,2017-2018
74.1%,81.8%,100.0%,2.6%,81.8,84,84,Lake Pend Oreille,84,23.2%,POLYGON,77.6,82.4,+48.2427191,-116.4155686,0.0%,82.3,79.2,Lake Pend Oreille School District 84,1,82,16,81.4,561,20.0%,757,176,0,00002,77.6,2017-2018
93.1%,95.4%,97.0%,0.5%,95.4,91,91,Idaho Falls,91,3.5%,POLYGON,94.5,96.4,+43.5232370,-112.2726368,3.0%,95.6,94.3,Idaho Falls School District 91,1,95.7,16,94.5,2129,11.0%,2288,80,68,01530,93.9,2017-2018
84.6%,84.6%,84.6%,0.0%,84.6,92,92,Swan Valley,92,0.0%,POLYGON,,100,+43.3341809,-111.3451300,15.4%,84.6,,Swan Valley Elementary School District 92,1,92.3,16,,11,0.0%,13,0,2,03120,,2017-2018
90.8%,95.5%,95.0%,0.4%,95.5,93,93,Bonneville,93,3.8%,POLYGON,95.5,97,+43.4305519,-111.7829095,5.0%,96.5,87.9,Bonneville Joint School District 93,1,96.6,16,88.5,2564,12.0%,2824,108,140,00930,95.3,2017-2018
43.5%,70.9%,64.6%,0.0%,70.9,101,101,Boundary,101,21.0%,POLYGON,68.9,77.8,+48.7731326,-116.5246729,35.4%,71.8,25,Boundary County School District 101,1,73.6,16,25,145,0.0%,333,70,118,00420,63.6,2017-2018
70.3%,83.5%,72.5%,0.0%,83.5,111,111,Butte,111,2.2%,POLYGON,80,95.6,+43.6851010,-113.1776308,27.5%,82.4,80.6,Butte County Joint School District 111,1,86.8,16,87.1,64,0.0%,91,2,25,00490,73.3,2017-2018
82.9%,85.4%,97.6%,0.0%,85.4,121,121,Camas,121,14.6%,POLYGON,81.8,87.8,+43.4633958,-114.8044265,2.4%,82.9,,Camas County School District 121,1,85.4,16,,34,0.0%,41,6,1,00540,81.8,2017-2018
90.6%,94.6%,96.9%,0.7%,94.6,131,131,Nampa,131,5.6%,POLYGON,93.4,95.8,+43.5337974,-116.5980076,3.1%,94.6,92.2,Nampa School District 131,1,94.9,16,93.2,3195,24.0%,3526,199,108,02340,92.5,2017-2018
93.7%,95.7%,98.8%,2.1%,95.7,132,132,Caldwell,132,2.9%,POLYGON,95.3,97.2,+43.6571274,-116.6923127,1.2%,95.9,95,Caldwell School District 132,1,96.2,16,94.8,1362,31.0%,1453,42,18,00510,94.6,2017-2018
95.4%,95.4%,100.0%,0.8%,95.4,133,133,Wilder,133,3.8%,POLYGON,93.8,96.9,+43.6802352,-116.9133232,0.0%,96.9,100,Wilder School District 133,1,96.9,16,100,125,1.0%,131,5,0,03480,93.8,2017-2018
74.6%,90.6%,81.6%,1.2%,90.6,134,134,Middleton,134,5.9%,POLYGON,87.7,92.9,+43.7530385,-116.6233104,18.4%,90,65.3,Middleton School District 134,1,90,16,68.2,637,10.0%,854,50,157,02130,85.9,2017-2018
78.5%,87.1%,97.8%,0.0%,87.1,135,135,Notus,135,19.4%,POLYGON,86,90.3,+43.7337157,-116.7901853,2.2%,86,77.8,Notus School District 135,1,88.2,16,77.8,73,0.0%,93,18,2,02460,80.7,2017-2018
86.8%,91.6%,96.4%,0.6%,91.6,136,136,Melba,136,9.0%,POLYGON,91.5,92.2,+43.2040025,-116.6227304,3.6%,90.4,89,Melba Joint School District 136,1,91.6,16,90.4,145,1.0%,167,15,6,02070,89.4,2017-2018
90.0%,91.3%,100.0%,1.7%,91.3,137,137,Parma,137,8.3%,POLYGON,89.4,92.9,+43.7718593,-116.9463565,0.0%,91.7,95,Parma School District 137,1,92.1,16,95,217,4.0%,241,20,0,02550,89.4,2017-2018
91.8%,94.2%,99.6%,1.0%,94.2,139,139,Vallivue,139,6.8%,POLYGON,94,95.6,+43.5988520,-116.7031065,0.4%,94.8,94.3,Vallivue School District 139,1,95.1,16,94.8,1814,20.0%,1975,134,7,00600,93.4,2017-2018
91.3%,93.9%,100.0%,1.7%,93.9,148,148,Grace,148,7.0%,POLYGON,97.1,94.8,+42.4768436,-111.7521481,0.0%,93,87,Grace Joint School District 148,1,93.9,16,87,105,2.0%,115,8,0,01290,94.2,2017-2018
96.7%,96.7%,100.0%,0.0%,96.7,149,149,North Gem,149,3.3%,POLYGON,100,96.7,+42.8139694,-111.9428035,0.0%,96.7,90,North Gem School District 149,1,96.7,16,90,29,0.0%,30,1,0,02430,100,2017-2018
94.6%,94.6%,100.0%,0.5%,94.6,150,150,Soda Springs,150,4.9%,POLYGON,95.3,95.6,+42.8244599,-111.4021824,0.0%,95.1,96,Soda Springs Joint School District 150,1,95.1,16,96,192,1.0%,203,10,0,03000,94.5,2017-2018
85.7%,91.9%,92.3%,1.3%,91.9,151,151,Cassia,151,5.3%,POLYGON,92.4,94.3,+42.2823130,-113.6263276,7.7%,92,81.7,Cassia County Joint School District 151,1,92.6,16,82.6,1106,17.0%,1291,68,100,00660,89.8,2017-2018
90.6%,100.0%,90.6%,0.0%,100,161,161,Clark,161,0.0%,POLYGON,94.1,100,+44.2902180,-112.3546128,9.4%,93.8,100,Clark County School District 161,1,96.9,16,100,29,0.0%,32,0,3,00750,88.2,2017-2018
86.7%,91.4%,99.6%,0.4%,91.4,171,171,Orofino,171,12.4%,POLYGON,92.2,93.1,+46.6613907,-115.5716359,0.4%,91.8,86.1,Orofino Joint School District 171,1,92.7,16,89.9,202,1.0%,233,29,1,02520,89.6,2017-2018
91.5%,93.0%,98.6%,0.0%,93,181,181,Challis,181,7.0%,POLYGON,90.7,94.4,+44.3648677,-114.3244214,1.4%,93,100,Challis Joint School District 181,1,93,16,96.4,65,0.0%,71,5,1,00720,88.4,2017-2018
68.6%,76.5%,92.2%,2.0%,76.5,182,182,Mackay,182,21.6%,POLYGON,69.7,82.4,+43.9435803,-113.8812118,7.8%,78.4,72.2,Mackay Joint School District 182,1,82.4,16,77.8,35,1.0%,51,11,4,01900,72.7,2017-2018
,N/A,,1.1%,,191,191,Prairie Elementary,191,,POLYGON,,,+43.5076911,-115.5762688,3.4%,,,Prairie Elementary School District 191,1,,16,,,1.0%,N/A,,3,02730,,2017-2018
85.1%,88.5%,96.6%,0.6%,88.5,192,192,Glenns Ferry,192,10.3%,POLYGON,90.2,94.3,+43.0419511,-115.3152051,0.5%,90.8,91.7,Glenns Ferry Joint School District 192,1,89.7,16,91.7,74,6.0%,87,9,5,01230,86.3,2017-2018
95.4%,96.8%,99.5%,0.2%,96.8,193,193,Mountain Home,193,3.4%,POLYGON,95.8,97.9,+43.2115383,-115.7180170,4.7%,96.9,99.4,Mountain Home School District 193,1,97.1,16,99.4,942,1.0%,987,34,24,02250,94.4,2017-2018
91.6%,94.9%,95.3%,0.0%,94.9,201,201,Preston,201,3.5%,POLYGON,94.4,95.3,+42.1642235,-111.7603770,5.7%,94.7,90.5,Preston Joint School District 201,1,95.5,16,90,469,0.0%,512,18,10,00960,94.1,2017-2018
87.5%,88.1%,94.3%,3.3%,88.1,202,202,West,202,6.8%,POLYGON,83,88.6,+42.1443558,-112.0176628,6.8%,88.1,95.3,West Side Joint School District 202,1,88.1,16,95.3,154,16.0%,176,12,33,03420,83,2017-2018
87.5%,91.2%,93.2%,0.9%,91.2,215,215,Fremont,215,2.5%,POLYGON,92.9,95.9,+44.2141177,-111.4655727,1.4%,92.6,94.4,Fremont County Joint School District 215,1,93.4,16,94.4,426,5.0%,487,12,8,01110,93.2,2017-2018
90.0%,92.2%,98.6%,2.3%,92.2,221,221,Emmett,221,7.8%,POLYGON,90.5,94.5,+44.0411869,-116.3606092,20.3%,92.9,95.2,Emmett Independent School District 221,1,93.3,16,94.7,521,7.0%,579,45,63,01020,91,2017-2018
72.6%,83.2%,79.7%,0.7%,83.2,231,231,Gooding,231,4.8%,MULTIPOLYGON,90.8,91.9,+43.0344155,-114.7202777,23.3%,83.5,73,Gooding Joint School District 231,1,86.1,16,74.8,225,2.0%,310,15,63,01260,79,2017-2018
75.2%,88.5%,76.7%,0.0%,88.5,232,232,Wendell,232,0.7%,POLYGON,89,92.6,+42.7574353,-114.7222058,11.3%,88.9,67,Wendell School District 232,1,89.3,16,67.9,203,0.0%,270,2,9,03360,85.4,2017-2018
71.3%,77.5%,88.8%,0.0%,77.5,233,233,Hagerman,233,17.5%,POLYGON,80.4,81.3,+42.8048340,-114.8680175,5.9%,76.3,58.3,Hagerman Joint School District 233,1,80,16,58.3,57,0.0%,80,14,2,01380,80.4,2017-2018
76.5%,85.3%,94.1%,0.0%,85.3,234,234,Bliss,234,17.6%,POLYGON,83.3,85.3,+43.0423095,-114.9860918,18.3%,82.4,81.3,Bliss Joint School District 234,1,85.3,16,81.3,26,0.0%,34,6,17,00330,77.8,2017-2018
68.8%,90.3%,81.7%,0.0%,90.3,242,242,Cottonwood,242,12.9%,POLYGON,83.8,89.2,+46.0590974,-116.3710054,40.0%,91.4,64,Cottonwood Joint School District 242,1,90.3,16,80,64,0.0%,93,12,12,00810,76.5,2017-2018
56.7%,86.7%,60.0%,0.8%,86.7,243,243,Salmon river,243,3.3%,POLYGON,90.5,100,+45.3157275,-116.3047543,0.0%,90,,Salmon River School District 243,1,93.3,16,,17,2.0%,30,1,0,00138,66.7,2017-2018
80.8%,87.7%,100.0%,0.6%,87.7,244,244,Mountain View,244,18.5%,POLYGON,85.2,87.7,+45.8957997,-115.3566098,1.3%,86.5,74.4,Mountain View School District 244,1,88.1,16,74.4,210,8.0%,260,48,18,00139,84.1,2017-2018
88.6%,93.6%,98.7%,0.0%,93.6,251,251,Jefferson,251,9.4%,POLYGON,93.1,94.3,+43.7021004,-112.1831384,0.0%,93.4,90.1,Jefferson County Joint School District 251,1,94.3,16,90.5,1201,0.0%,1355,128,0,01570,92.3,2017-2018
98.7%,98.7%,100.0%,1.0%,98.7,252,252,Ririe,252,1.3%,POLYGON,97.8,98.7,+43.5818932,-111.6162479,1.0%,98.7,100,Ririe Joint School District 252,1,98.7,16,100,149,1.0%,151,2,1,02790,97.8,2017-2018
93.0%,96.0%,99.0%,0.5%,96,253,253,West Jefferson,253,5.0%,POLYGON,96.8,97,+43.8817889,-112.4182793,19.9%,96,89.5,West Jefferson School District 253,1,96,16,86.8,93,5.0%,100,5,183,03400,98.4,2017-2018
77.6%,94.9%,80.1%,3.0%,94.9,261,261,Jerome,261,2.0%,POLYGON,94.5,96.1,+42.7419367,-114.3938641,0.0%,95.9,57.7,Jerome Joint School District 261,1,96.2,16,61.2,714,4.0%,920,18,0,01590,94.3,2017-2018
94.0%,94.8%,100.0%,0.6%,94.8,262,262,Valley,262,3.0%,POLYGON,95.2,96.3,+42.6248221,-114.1518757,15.9%,96.3,96,Valley School District 262,1,95.5,16,96,126,13.0%,134,4,355,03270,96.4,2017-2018
72.4%,86.3%,84.1%,0.3%,86.3,271,271,Coeur d'Alene,271,11.0%,POLYGON,81.9,88.5,+47.6771129,-116.6949184,7.6%,86.2,72,Coeur d'Alene School District 271,1,87.6,16,73,1613,3.0%,2227,246,68,00780,80.9,2017-2018
84.1%,90.6%,92.4%,0.2%,90.6,272,272,Lakeland,272,7.9%,POLYGON,89.2,92.3,+47.8824840,-116.7391911,19.2%,91.7,87.2,Lakeland Joint School District 272,1,91.8,16,87.5,752,3.0%,894,71,256,01800,88.7,2017-2018
72.3%,90.8%,80.8%,3.8%,90.8,273,273,Post Falls,273,8.2%,POLYGON,91.1,92,+47.6990133,-116.9775686,0.0%,90.5,72.4,Post Falls School District 273,1,92,16,73.7,962,1.0%,1330,109,0,02670,90,2017-2018
76.9%,80.8%,100.0%,0.5%,80.8,274,274,Kootenai,274,19.2%,POLYGON,80,80.8,+47.4974546,-116.6487485,1.0%,80.8,,Kootenai Joint School District 274,1,80.8,16,,20,3.0%,26,5,6,01740,85,2017-2018
94.6%,96.0%,99.0%,2.8%,96,281,281,Moscow,281,3.8%,POLYGON,95.6,96.4,+46.7637860,-116.9547881,6.9%,96.2,95.2,Moscow School District 281,1,96.4,16,95.2,545,2.0%,576,22,5,02220,96.3,2017-2018
81.9%,90.3%,93.1%,16.0%,90.3,282,282,Genesee,282,8.3%,POLYGON,85.1,93.1,+46.5633697,-116.8842432,0.0%,87.5,92,Genesee Joint School District 282,1,90.3,16,92,59,8.0%,72,6,0,01200,85.1,2017-2018
78.0%,88.0%,100.0%,1.0%,88,283,283,Kendrick,283,6.0%,POLYGON,83.3,94,+46.6375984,-116.5508935,0.0%,86,95,Kendrick Joint School District 283,1,86,16,95,39,1.0%,50,3,0,01680,80,2017-2018
93.9%,98.0%,100.0%,0.0%,98,285,285,Potlatch,285,5.1%,POLYGON,93.4,98,+46.9509593,-116.7988500,8.9%,98,94.7,Potlatch School District 285,1,98,16,100,93,0.0%,99,5,5,02700,96.7,2017-2018
80.4%,83.9%,91.1%,5.5%,83.9,287,287,Troy,287,10.7%,POLYGON,80.6,83.9,+46.7419419,-116.7426795,3.6%,83.9,90,Troy School District 287,1,80.4,16,90,45,3.0%,56,6,2,00009,77.8,2017-2018
81.8%,90.9%,96.4%,1.2%,90.9,288,288,Whitepine,288,9.1%,POLYGON,90.9,90.9,+46.8357559,-116.2472437,18.5%,87.3,81.8,Whitepine Joint School District 288,1,90.9,16,81.8,45,2.0%,55,5,30,00010,81.8,2017-2018
76.5%,79.6%,81.5%,0.0%,79.6,291,291,Salmon,291,3.7%,POLYGON,81.9,90.1,+45.1198209,-114.2388196,0.0%,83.3,82.5,Salmon School District 291,1,85.8,16,82.5,124,0.0%,162,6,0,02850,76.2,2017-2018
96.6%,96.6%,100.0%,0.0%,96.6,292,292,South Lemhi,292,3.4%,POLYGON,95.7,96.6,+44.6234792,-113.3561649,0.0%,96.6,,South Lemhi School District 292,1,96.6,16,,28,0.0%,29,1,0,03030,95.7,2017-2018
100.0%,100.0%,100.0%,2.1%,100,302,302,Nezperce,302,0.0%,POLYGON,100,100,+46.2891281,-116.2535599,24.5%,100,,Nezperce Joint School District 302,1,100,16,,29,2.0%,29,0,23,02400,100,2017-2018
59.6%,88.3%,75.5%,2.5%,88.3,304,304,Kamiah,304,13.8%,POLYGON,83.9,89.4,+46.2375369,-116.0089636,0.0%,86.2,53.1,Kamiah Joint School District 304,1,88.3,16,56.3,56,1.0%,94,13,0,01620,82.3,2017-2018
92.5%,100.0%,100.0%,2.6%,100,305,305,Highland,305,5.0%,POLYGON,96.4,100,+46.2283183,-116.5442220,0.0%,97.5,91.7,Highland Joint School District 305,1,100,16,100,37,3.0%,40,2,0,01440,92.9,2017-2018
94.8%,94.8%,100.0%,1.8%,94.8,312,312,Shoshone,312,2.6%,POLYGON,97.4,97.4,+42.9916016,-114.3363682,0.0%,97.4,97.3,Shoshone Joint School District 312,1,95.7,16,97.3,109,1.0%,115,3,0,02940,97.4,2017-2018
98.2%,100.0%,100.0%,0.0%,100,314,314,Dietrich,314,0.0%,POLYGON,97,100,+42.8750124,-114.1550296,0.0%,100,100,Dietrich School District 314,1,100,16,100,54,0.0%,55,0,0,00900,100,2017-2018
89.1%,93.5%,100.0%,1.9%,93.5,316,316,Richfield,316,10.9%,POLYGON,93.3,95.7,+43.0796845,-114.0058875,6.2%,93.5,87.5,Richfield School District 316,1,95.7,16,87.5,41,23.0%,46,5,76,02760,90,2017-2018
86.7%,88.7%,93.8%,1.7%,88.7,321,321,Madison,321,5.3%,POLYGON,86.6,92.1,+43.7426162,-111.6296953,1.2%,88.9,98.3,Madison School District 321,1,89.5,16,98.3,1066,6.0%,1230,65,4,01920,83.2,2017-2018
87.8%,92.8%,98.8%,1.0%,92.8,322,322,Sugar-Salem,322,9.3%,POLYGON,93.2,94.5,+43.8933200,-111.7542472,2.5%,93,90,Sugar-Salem Joint School District 322,1,93,16,90.7,303,10.0%,345,32,25,03090,92.7,2017-2018
92.5%,95.1%,97.5%,0.6%,95.1,331,331,Minidoka,331,4.1%,POLYGON,93.6,96.7,+42.8259850,-113.6630999,0.4%,95.4,94.9,Minidoka County Joint School District 331,1,95.8,16,95.1,934,8.0%,1010,41,5,02190,93.9,2017-2018
93.8%,95.7%,99.6%,0.0%,95.7,340,340,Lewiston,340,5.2%,POLYGON,95.4,95.8,+46.3294882,-116.9365795,8.3%,96.1,95.7,Lewiston Independent School District 340,1,96.3,16,96,1219,0.0%,1299,67,11,01860,94.8,2017-2018
91.7%,97.0%,91.7%,0.0%,97,341,341,Lapwai,341,0.0%,POLYGON,94.6,99.2,+46.2356165,-116.7879900,0.0%,96.2,97.5,Lapwai School District 341,1,97,16,97.5,121,0.0%,132,0,0,01830,94.6,2017-2018
79.2%,79.2%,100.0%,0.0%,79.2,342,342,Culdesac,342,20.8%,POLYGON,73.3,79.2,+46.3927544,-116.6392157,0.0%,79.2,,Culdesac Joint School District 342,1,79.2,16,,19,0.0%,24,5,0,00870,73.3,2017-2018
95.1%,95.1%,100.0%,0.0%,95.1,351,351,Oneida,351,4.9%,POLYGON,94.2,95.1,+42.1838954,-112.5204486,8.5%,95.1,96.5,Oneida County School District 351,1,95.1,16,96.5,196,0.0%,206,10,17,02490,94.2,2017-2018
77.6%,80.1%,91.5%,,80.1,363,363,Marsing,363,13.9%,POLYGON,84.3,84.6,+43.3995788,-116.8994801,,81.6,77,Marsing Joint School District 363,1,82.6,16,77,156,0.0%,201,28,1,01980,81.9,2017-2018
,N/A,,0.0%,,364,364,Pleasant Valley,364,,POLYGON,,,+42.7167009,-116.9164190,17.8%,,,Pleasant Valley Elementary School District 364,1,,16,,3,0.0%,4,0,13,02610,,2017-2018
72.6%,86.3%,82.2%,1.8%,86.3,365,365,Bruneau-Grand View,365,9.6%,POLYGON,86,94.5,+42.5109704,-116.0020642,0.4%,89,73.3,Bruneau-Grand View Joint School District 365,1,89,16,73.3,53,5.0%,73,7,1,00450,76.7,2017-2018
91.3%,94.5%,99.6%,0.0%,94.5,370,370,Homedale,370,6.5%,POLYGON,91.4,94.5,+43.5996136,-116.9483516,0.3%,94.5,95.6,Homedale Joint School District 370,1,94.5,16,95.6,251,0.0%,275,18,1,01470,91.4,2017-2018
98.1%,98.1%,99.7%,0.0%,98.1,371,371,Payette,371,1.7%,POLYGON,98,98.3,+44.1047720,-116.7224677,0.5%,98.1,99.1,Payette Joint School District 371,1,98.1,16,99.1,355,0.0%,362,6,1,02580,97.6,2017-2018
89.8%,91.7%,99.5%,0.5%,91.7,372,372,New Plymouth,372,9.7%,POLYGON,93,94,+43.9527068,-116.7267734,0.0%,92.6,89.2,New Plymouth School District 372,1,93.5,16,89.2,194,2.0%,216,21,0,02370,91.5,2017-2018
94.5%,95.0%,100.0%,0.0%,95,373,373,Fruitland,373,5.0%,POLYGON,96.4,97.2,+43.9215444,-116.9143681,4.7%,96.2,95.1,Fruitland School District 373,1,96.2,16,96.5,375,0.0%,397,20,16,01140,95.7,2017-2018
94.1%,98.2%,95.3%,0.0%,98.2,381,381,American Falls,381,1.2%,POLYGON,98.1,99.1,+42.7978246,-112.9388361,27.8%,98.8,88.7,American Falls Joint School District 381,1,98.8,16,88.7,318,0.0%,338,4,10,00060,98.6,2017-2018
72.2%,94.4%,72.2%,,94.4,382,382,Rockland,382,0.0%,POLYGON,88.9,86.1,+42.4707326,-112.8373171,,91.7,61.1,Rockland School District 382,1,91.7,16,61.1,26,0.0%,36,0,1,02820,88.9,2017-2018
,N/A,,0.8%,,383,383,Arbon,383,,POLYGON,,,+42.5607623,-112.5156795,13.0%,,,Arbon Elementary School District 383,1,,16,,7,2.0%,8,0,32,00090,,2017-2018
80.2%,87.4%,87.0%,3.8%,87.4,391,391,Kellogg,391,6.1%,POLYGON,83.5,90.7,+47.5832824,-116.2577458,19.2%,87.9,88.8,Kellogg Joint School District 391,1,87.4,16,89.9,198,1.0%,247,15,5,01650,80.4,2017-2018
61.5%,76.9%,80.8%,0.9%,76.9,392,392,Mullan,392,15.4%,POLYGON,75,76.9,+47.4430867,-115.7781423,7.1%,76.9,50,Mullan School District 392,1,76.9,16,50,16,1.0%,26,4,8,02280,68.8,2017-2018
66.4%,83.2%,92.9%,,83.2,393,393,Wallace,393,25.7%,POLYGON,72.5,84.1,+47.7264437,-116.0057306,,79.6,75,Wallace School District 393,1,84.1,16,84.1,75,0.0%,113,29,0,03300,72.5,2017-2018
,N/A,,0.5%,,394,394,Avery,394,,POLYGON,,,+47.1238627,-115.7764742,6.3%,,,Avery School District 394,1,,16,,3,2.0%,3,0,26,00150,,2017-2018
86.0%,89.3%,93.7%,1.0%,89.3,401,401,Teton,401,7.3%,POLYGON,85.1,91,+43.7609939,-111.2117653,11.0%,89.8,91,Teton County School District 401,1,90.6,16,91,355,20.0%,413,30,223,03180,87,2017-2018
83.9%,90.9%,89.0%,1.2%,90.9,411,411,Twin Falls,411,4.1%,POLYGON,92.4,93.8,+42.5185070,-114.4750292,11.8%,91.8,80.4,Twin Falls School District 411,1,91.8,16,79.6,1705,4.0%,2031,83,38,03240,91,2017-2018
81.7%,88.5%,88.2%,1.4%,88.5,412,412,Buhl,412,5.3%,POLYGON,92.5,96,+42.6874142,-114.8799790,18.3%,90.4,90.9,Buhl Joint School District 412,1,89.8,16,91.8,264,5.0%,323,17,66,00480,84,2017-2018
77.6%,91.1%,81.7%,0.7%,91.1,413,413,Filer,413,2.8%,POLYGON,91.7,94.2,+42.2503060,-114.5346691,0.0%,90.9,66.2,Filer School District 413,1,92.8,16,68.8,280,3.0%,361,10,0,01050,88.7,2017-2018
91.9%,96.8%,100.0%,0.0%,96.8,414,414,Kimberly,414,7.4%,POLYGON,95.2,97,+42.3945175,-114.3608332,14.1%,97,86,Kimberly School District 414,1,97,16,86.7,398,0.0%,433,32,12,01710,95.5,2017-2018
84.7%,91.8%,85.9%,,91.8,415,415,Hansen,415,1.2%,POLYGON,89.3,95.3,+42.4926807,-114.2595123,,92.9,100,Hansen School District 415,1,94.1,16,100,72,0.0%,85,1,0,01410,83.9,2017-2018
,N/A,,0.0%,,416,416,Three Creek,416,,POLYGON,,,+42.1118320,-115.1953358,35.7%,,,Three Creek Joint Elementary School District 416,1,,16,,2,0.0%,2,0,25,03210,,2017-2018
60.0%,82.9%,64.3%,1.1%,82.9,417,417,Castleford,417,4.3%,POLYGON,88.6,88.6,+42.3931586,-114.9046171,0.0%,82.9,34.6,Castleford School District 417,1,82.9,16,34.6,42,1.0%,70,3,0,00690,77.3,2017-2018
97.9%,98.9%,100.0%,0.7%,98.9,418,418,Murtaugh,418,1.1%,POLYGON,98.5,97.9,+42.4380707,-114.1371586,1.4%,98.9,100,Murtaugh Joint School District 418,1,98.9,16,100,93,2.0%,95,1,4,02310,97,2017-2018
76.6%,86.4%,98.6%,2.3%,86.4,421,421,Mccall-Donnelly,421,21.3%,POLYGON,86.8,90.2,+44.9224290,-115.4552148,7.0%,88.8,81.7,McCall-Donnelly Joint School District 421,1,89.2,16,81.7,219,1.0%,286,61,3,02030,85.2,2017-2018
83.7%,93.0%,93.0%,1.7%,93,422,422,Cascade,422,7.0%,POLYGON,90,90.7,+44.4620581,-115.7483573,0.0%,93,76.9,Cascade School District 422,1,93,16,76.9,36,6.0%,43,3,0,00630,90,2017-2018
91.9%,95.3%,100.0%,0.0%,95.3,431,431,Weiser,431,6.4%,POLYGON,93.8,95.8,+44.3969086,-116.9390412,0.0%,95,94,Weiser School District 431,1,95.5,16,95.5,329,0.0%,358,23,0,03330,93.8,2017-2018
76.0%,76.0%,100.0%,0.0%,76,432,432,Cambridge,432,24.0%,POLYGON,76.5,88,+44.6452085,-116.6224885,15.0%,76,,Cambridge Joint School District 432,1,80,16,,19,0.0%,25,6,3,00570,76.5,2017-2018
60.0%,80.0%,85.0%,,80,433,433,Midvale,433,25.0%,POLYGON,92.3,95,+44.3851832,-116.5887611,,80,,Midvale School District 433,1,80,16,,12,0.0%,20,5,0,02160,69.2,2017-2018
,N/A,,,,555,,Professional Technical,,,,,,,,,,,,1,,,,3,,3,0,,,,2017-2018
89.4%,94.3%,95.2%,0.7%,94.267515924,1,1,Boise,1,5.0%,POLYGON,94.679655302,95.859872611,+43.2790530,-116.0363538,4.8%,94.866991383,92.520247737,Boise City Independent School District 1,1,94.623454477,16,93.139590281,,,5338,,,00360,93.630573248,2018-2019
91.3%,94.6%,99.5%,0.4%,94.637479731,2,2,West Ada,2,7.8%,POLYGON,94.127866574,94.764883021,+43.5503826,-116.3088816,0.5%,94.567987028,94.152227723,Meridian Joint School District 2,1,94.533240676,16,94.801980198,,,8634,,,02100,93.421357424,2018-2019
90.6%,93.0%,99.8%,0.8%,92.985611511,3,3,Kuna,3,8.5%,POLYGON,93.884892086,94.514388489,+43.3862972,-116.3609251,0.2%,94.154676259,94.763092269,Kuna Joint School District 3,1,93.884892086,16,94.513715711,,,1112,,,01770,92.176258993,2018-2019
74.3%,85.7%,88.6%,0.0%,85.714285714,11,11,Meadows Valley,11,14.3%,POLYGON,82.857142857,91.428571429,+45.0753667,-116.3847881,11.4%,85.714285714,80,Meadows Valley School District 11,1,85.714285714,16,86.666666667,,,35,,,02060,80,2018-2019
79.7%,85.9%,96.9%,6.3%,85.9375,13,13,Council,13,10.9%,POLYGON,89.0625,87.5,+44.8729972,-116.5047184,3.1%,85.9375,89.285714286,Council School District 13,1,85.9375,16,89.285714286,,,64,,,00840,81.25,2018-2019
89.9%,89.9%,96.0%,0.4%,89.928057554,21,21,Marsh Valley,21,5.8%,POLYGON,94.244604317,94.244604317,+42.5610658,-112.1415877,4.0%,94.244604317,90.833333333,Marsh Valley Joint School District 21,1,93.884892086,16,90.833333333,,,278,,,01950,93.884892086,2018-2019
92.4%,95.4%,96.8%,0.8%,95.447924253,25,25,Pocatello,25,3.6%,POLYGON,95.557174071,96.285506191,+42.9049160,-112.3800927,3.2%,95.812090313,92.938733126,Pocatello School District 25,1,95.848506919,16,93.250259605,,,2746,,,02640,95.120174800,2018-2019
92.3%,95.8%,96.5%,0.7%,95.789473684,33,33,Bear Lake,33,3.5%,POLYGON,95.789473684,97.543859649,+42.2824701,-111.3309721,3.5%,96.491228070,92.631578947,Bear Lake County School District 33,1,96.491228070,16,92.631578947,,,285,,,00240,95.789473684,2018-2019
76.5%,87.6%,88.5%,0.4%,87.610619469,41,41,St Maries,41,11.5%,POLYGON,86.725663717,89.823008850,+47.2273144,-116.5351419,11.5%,88.053097345,72.368421053,St. Maries Joint School District 41,1,85.840707965,16,69.736842105,,,226,,,03060,84.070796460,2018-2019
93.5%,96.1%,100.0%,2.6%,96.103896104,44,44,Plummer-Worley,44,3.9%,POLYGON,96.103896104,97.402597403,+47.3022286,-116.8707743,0.0%,96.103896104,96.428571429,Plummer-Worley Joint School District 44,1,96.103896104,16,100,,,77,,,00815,94.805194805,2018-2019
86.1%,91.9%,88.1%,0.0%,91.919191919,52,52,Snake River,52,2.0%,POLYGON,95.202020202,95.959595960,+43.3318284,-112.6817242,11.9%,92.676767677,84.967320261,Snake River School District 52,1,92.676767677,16,84.967320261,,,396,,,02970,89.393939394,2018-2019
82.1%,89.9%,87.2%,2.8%,89.862327910,55,55,Blackfoot,55,2.4%,POLYGON,92.115143930,93.491864831,+43.1431423,-112.2179313,12.8%,90.488110138,81.081081081,Blackfoot School District 55,1,90.863579474,16,83.108108108,,,799,,,00270,89.361702128,2018-2019
96.0%,96.6%,98.9%,0.0%,96.610169492,58,58,Aberdeen,58,2.8%,POLYGON,98.305084746,98.870056497,+43.0416678,-112.8403142,1.1%,98.870056497,95.384615385,Aberdeen School District 58,1,98.870056497,16,95.384615385,,,177,,,00030,98.305084746,2018-2019
82.2%,90.1%,86.9%,0.0%,90.052356021,59,59,Firth,59,4.7%,POLYGON,90.052356021,92.146596859,+43.1910953,-111.8724560,13.1%,90.052356021,79.411764706,Firth School District 59,1,89.528795812,16,79.411764706,,,191,,,01080,89.005235602,2018-2019
92.6%,95.7%,99.8%,1.9%,95.716945996,60,60,Shelley,60,5.4%,POLYGON,95.903165736,96.089385475,+43.3978724,-112.2164459,0.2%,95.716945996,95.375722543,Shelley Joint School District 60,1,96.275605214,16,95.953757225,,,537,,,02910,94.972067039,2018-2019
81.2%,90.0%,86.1%,0.3%,90.013495277,61,61,Blaine,61,4.6%,POLYGON,89.068825911,89.878542510,+43.3941920,-113.9553713,13.9%,89.878542510,86.851211073,Blaine County School District 61,1,89.473684211,16,88.235294118,,,741,,,00300,88.394062078,2018-2019
73.7%,86.0%,100.0%,0.0%,85.964912281,71,71,Garden Valley,71,26.3%,POLYGON,84.210526316,84.210526316,+44.1527035,-115.5620914,0.0%,82.456140351,82.608695652,Garden Valley School District 71,1,84.210526316,16,82.608695652,,,57,,,01170,80.701754386,2018-2019
83.3%,90.9%,98.5%,4.5%,90.909090909,72,72,Basin,72,10.6%,POLYGON,90.909090909,90.909090909,+43.8651546,-115.6399011,1.5%,90.909090909,88.461538462,Basin School District 72,1,90.909090909,16,88.461538462,,,66,,,00180,90.909090909,2018-2019
71.4%,83.7%,79.6%,0.0%,83.673469388,73,73,Horseshoe Bend,73,8.2%,POLYGON,83.673469388,91.836734694,+43.9118705,-116.1304179,20.4%,85.714285714,85,Horseshoe Bend School District 73,1,83.673469388,16,85,,,49,,,01500,83.673469388,2018-2019
73.9%,86.5%,81.6%,3.4%,86.473429952,83,83,West Bonner,83,4.3%,POLYGON,81.159420290,90.821256039,+48.4011753,-116.8965376,18.4%,86.956521739,97.435897436,West Bonner County School District 83,1,85.507246377,16,97.435897436,,,207,,,00001,84.541062802,2018-2019
74.3%,79.8%,99.0%,2.4%,79.799247177,84,84,Lake Pend Oreille,84,22.3%,POLYGON,80.677540778,82.936010038,+48.2427191,-116.4155686,1.0%,81.806775408,84.727272727,Lake Pend Oreille School District 84,1,81.555834379,16,84.727272727,,,797,,,00002,79.297365119,2018-2019
91.3%,94.3%,95.2%,0.5%,94.279279279,91,91,Idaho Falls,91,3.5%,POLYGON,94.954954955,95.900900901,+43.5232370,-112.2726368,4.8%,94.594594595,94.132653061,Idaho Falls School District 91,1,94.774774775,16,94.387755102,,,2220,,,01530,94.144144144,2018-2019
100.0%,100.0%,100.0%,0.0%,100,92,92,Swan Valley,92,0.0%,POLYGON,100,100,+43.3341809,-111.3451300,0.0%,100,100,Swan Valley Elementary School District 92,1,100,16,100,,,16,,,03120,100,2018-2019
93.7%,95.5%,99.4%,0.6%,95.486111111,93,93,Bonneville,93,5.1%,POLYGON,95.659722222,96.597222222,+43.4305519,-111.7829095,0.6%,95.833333333,95.172413793,Bonneville Joint School District 93,1,95.972222222,16,95.369458128,,,2880,,,00930,95.3125,2018-2019
51.4%,80.8%,71.3%,0.9%,80.757097792,101,101,Boundary,101,18.9%,POLYGON,79.810725552,82.334384858,+48.7731326,-116.5246729,28.7%,80.757097792,17.592592593,Boundary County School District 101,1,81.072555205,16,17.592592593,,,317,,,00420,79.495268139,2018-2019
55.2%,91.7%,63.5%,6.3%,91.666666667,111,111,Butte,111,2.1%,POLYGON,92.708333333,94.791666667,+43.6851010,-113.1776308,36.5%,90.625,9.756097561,Butte County Joint School District 111,1,93.75,16,12.195121951,,,96,,,00490,91.666666667,2018-2019
80.4%,89.1%,100.0%,4.3%,89.130434783,121,121,Camas,121,15.2%,POLYGON,82.608695652,91.304347826,+43.4633958,-114.8044265,0.0%,86.956521739,90.476190476,Camas County School District 121,1,89.130434783,16,90.476190476,,,46,,,00540,89.130434783,2018-2019
89.4%,94.2%,95.8%,1.0%,94.190424960,131,131,Nampa,131,5.4%,POLYGON,94.620763852,95.804195804,+43.5337974,-116.5980076,4.2%,94.809037117,94.267515924,Nampa School District 131,1,94.809037117,16,94.151708164,,,3718,,,02340,93.733189887,2018-2019
93.1%,95.7%,96.3%,0.5%,95.727636849,132,132,Caldwell,132,2.7%,POLYGON,94.926568758,96.461949266,+43.6571274,-116.6923127,3.7%,95.927903872,93.522267206,Caldwell School District 132,1,95.794392523,16,93.927125506,,,1498,,,00510,95.527369826,2018-2019
96.3%,97.8%,99.3%,0.7%,97.794117647,133,133,Wilder,133,2.2%,POLYGON,97.058823529,97.794117647,+43.6802352,-116.9133232,0.7%,97.794117647,97.959183673,Wilder School District 133,1,97.794117647,16,97.959183673,,,136,,,03480,96.323529412,2018-2019
74.7%,89.4%,81.7%,0.6%,89.407744875,134,134,Middleton,134,6.4%,POLYGON,90.318906606,91.002277904,+43.7530385,-116.6233104,18.3%,88.496583144,67.197452229,Middleton School District 134,1,88.610478360,16,65.605095541,,,878,,,02130,88.041002278,2018-2019
74.7%,79.5%,94.0%,0.0%,79.518072289,135,135,Notus,135,19.3%,POLYGON,83.132530120,86.746987952,+43.7337157,-116.7901853,6.0%,79.518072289,74.285714286,Notus School District 135,1,79.518072289,16,74.285714286,,,83,,,02460,79.518072289,2018-2019
76.0%,87.4%,89.1%,0.0%,87.428571429,136,136,Melba,136,13.1%,POLYGON,87.428571429,90.857142857,+43.2040025,-116.6227304,10.9%,86.857142857,77.027027027,Melba Joint School District 136,1,88,16,81.081081081,,,175,,,02070,87.428571429,2018-2019
94.1%,95.7%,100.0%,1.2%,95.652173913,137,137,Parma,137,4.7%,POLYGON,95.256916996,96.047430830,+43.7718593,-116.9463565,0.0%,95.652173913,96.629213483,Parma School District 137,1,96.047430830,16,96.629213483,,,253,,,02550,94.466403162,2018-2019
90.5%,93.2%,100.0%,0.8%,93.179634966,139,139,Vallivue,139,8.6%,POLYGON,93.515850144,94.380403458,+43.5988520,-116.7031065,0.0%,93.707973103,94.555112882,Vallivue School District 139,1,93.467819404,16,94.687915007,,,2082,,,00600,92.459173871,2018-2019
91.7%,93.3%,100.0%,1.7%,93.333333333,148,148,Grace,148,6.7%,POLYGON,91.666666667,94.166666667,+42.4768436,-111.7521481,0.0%,93.333333333,92.307692308,Grace Joint School District 148,1,93.333333333,16,92.307692308,,,120,,,01290,91.666666667,2018-2019
100.0%,100.0%,100.0%,0.0%,100,149,149,North Gem,149,0.0%,POLYGON,100,100,+42.8139694,-111.9428035,0.0%,100,100,North Gem School District 149,1,100,16,100,,,35,,,02430,100,2018-2019
93.3%,94.7%,100.0%,1.4%,94.711538462,150,150,Soda Springs,150,5.3%,POLYGON,94.711538462,95.673076923,+42.8244599,-111.4021824,0.0%,94.711538462,98.387096774,Soda Springs Joint School District 150,1,94.230769231,16,98.387096774,,,208,,,03000,93.269230769,2018-2019
89.1%,93.0%,95.0%,1.0%,93.045563549,151,151,Cassia,151,4.9%,POLYGON,93.924860112,95.043964828,+42.2823130,-113.6263276,5.0%,93.605115907,89.819004525,Cassia County Joint School District 151,1,93.844924061,16,90.497737557,,,1251,,,00660,92.565947242,2018-2019
87.9%,90.9%,87.9%,0.0%,90.909090909,161,161,Clark,161,0.0%,POLYGON,90.909090909,96.969696970,+44.2902180,-112.3546128,12.1%,90.909090909,100,Clark County School District 161,1,90.909090909,16,100,,,33,,,00750,96.969696970,2018-2019
85.2%,92.4%,100.0%,0.9%,92.376681614,171,171,Orofino,171,13.9%,POLYGON,93.273542601,94.618834081,+46.6613907,-115.5716359,0.0%,91.031390135,84.146341463,Orofino Joint School District 171,1,92.825112108,16,85.365853659,,,223,,,02520,90.582959641,2018-2019
92.0%,96.0%,97.3%,1.3%,96,181,181,Challis,181,4.0%,POLYGON,96,97.333333333,+44.3648677,-114.3244214,2.7%,96,93.548387097,Challis Joint School District 181,1,96,16,93.548387097,,,75,,,00720,94.666666667,2018-2019
43.3%,66.7%,45.0%,0.0%,66.666666667,182,182,Mackay,182,1.7%,POLYGON,68.333333333,63.333333333,+43.9435803,-113.8812118,55.0%,66.666666667,5.882352941,Mackay Joint School District 182,1,66.666666667,16,11.764705882,,,60,,,01900,66.666666667,2018-2019
,N/A,,1.1%,,191,191,Prairie Elementary,191,,POLYGON,,,+43.5076911,-115.5762688,,,,Prairie Elementary School District 191,1,,16,,,,N/A,,,02730,,2018-2019
81.4%,88.4%,100.0%,2.3%,88.372093023,192,192,Glenns Ferry,192,16.3%,POLYGON,87.209302326,93.023255814,+43.0419511,-115.3152051,0.0%,88.372093023,93.75,Glenns Ferry Joint School District 192,1,89.534883721,16,93.75,,,86,,,01230,83.720930233,2018-2019
95.2%,96.7%,100.0%,1.5%,96.697038724,193,193,Mountain Home,193,3.3%,POLYGON,95.899772210,97.266514806,+43.2115383,-115.7180170,0.0%,96.583143508,100,Mountain Home School District 193,1,96.924829157,16,100,,,878,,,02250,96.013667426,2018-2019
90.3%,95.4%,94.6%,0.2%,95.366795367,201,201,Preston,201,4.1%,POLYGON,95.173745174,96.332046332,+42.1642235,-111.7603770,5.4%,95.559845560,87.439613527,Preston Joint School District 201,1,95.559845560,16,87.439613527,,,518,,,00960,95.366795367,2018-2019
71.4%,75.5%,79.2%,0.0%,75.520833333,202,202,West,202,7.8%,POLYGON,84.375,86.458333333,+42.1443558,-112.0176628,20.8%,79.166666667,82.191780822,West Side Joint School District 202,1,75.520833333,16,82.191780822,,,192,,,03420,78.645833333,2018-2019
85.3%,91.1%,93.2%,4.3%,91.097308489,215,215,Fremont,215,3.5%,POLYGON,91.304347826,93.581780538,+44.2141177,-111.4655727,6.8%,90.683229814,92.857142857,Fremont County Joint School District 215,1,91.718426501,16,94.047619048,,,483,,,01110,89.648033126,2018-2019
89.6%,92.6%,98.6%,0.8%,92.586750789,221,221,Emmett,221,8.2%,POLYGON,93.533123028,94.794952681,+44.0411869,-116.3606092,1.4%,92.586750789,90.995260664,Emmett Independent School District 221,1,92.902208202,16,90.047393365,,,634,,,01020,91.324921136,2018-2019
72.2%,88.3%,78.9%,1.6%,88.328075710,231,231,Gooding,231,5.0%,MULTIPOLYGON,90.536277603,94.006309148,+43.0344155,-114.7202777,21.1%,88.958990536,58.474576271,Gooding Joint School District 231,1,89.274447950,16,63.559322034,,,317,,,01260,87.066246057,2018-2019
78.2%,93.6%,86.8%,7.9%,93.609022556,232,232,Wendell,232,0.8%,POLYGON,83.834586466,96.240601504,+42.7574353,-114.7222058,13.2%,93.609022556,69.811320755,Wendell School District 232,1,94.360902256,16,69.811320755,,,266,,,03360,80.451127820,2018-2019
87.9%,89.4%,97.0%,0.0%,89.393939394,233,233,Hagerman,233,9.1%,POLYGON,89.393939394,90.909090909,+42.8048340,-114.8680175,3.0%,90.909090909,85.714285714,Hagerman Joint School District 233,1,90.909090909,16,90.476190476,,,66,,,01380,80.303030303,2018-2019
80.6%,87.1%,83.9%,0.0%,87.096774194,234,234,Bliss,234,3.2%,POLYGON,90.322580645,96.774193548,+43.0423095,-114.9860918,16.1%,83.870967742,85.714285714,Bliss Joint School District 234,1,93.548387097,16,85.714285714,,,31,,,00330,87.096774194,2018-2019
72.4%,85.5%,90.8%,0.0%,85.526315789,242,242,Cottonwood,242,18.4%,POLYGON,85.526315789,86.842105263,+46.0590974,-116.3710054,9.2%,86.842105263,90,Cottonwood Joint School District 242,1,88.157894737,16,100,,,76,,,00810,72.368421053,2018-2019
50.0%,80.0%,50.0%,0.0%,80,243,243,Salmon river,243,0.0%,POLYGON,93.333333333,93.333333333,+45.3157275,-116.3047543,50.0%,83.333333333,50,Salmon River School District 243,1,80,16,50,,,30,,,00138,70,2018-2019
76.9%,85.8%,100.0%,1.1%,85.820895522,244,244,Mountain View,244,22.0%,POLYGON,85.447761194,88.805970149,+45.8957997,-115.3566098,0.0%,86.194029851,69.902912621,Mountain View School District 244,1,87.686567164,16,68.932038835,,,268,,,00139,85.820895522,2018-2019
88.4%,92.5%,97.6%,0.4%,92.535305985,251,251,Jefferson,251,8.7%,POLYGON,93.544048420,94.687289845,+43.7021004,-112.1831384,2.4%,92.535305985,89.575289575,Jefferson County Joint School District 251,1,92.602555481,16,89.961389961,,,1487,,,01570,91.593813046,2018-2019
92.5%,93.3%,100.0%,1.7%,93.333333333,252,252,Ririe,252,5.8%,POLYGON,94.166666667,94.166666667,+43.5818932,-111.6162479,0.0%,94.166666667,91.304347826,Ririe Joint School District 252,1,93.333333333,16,93.478260870,,,120,,,02790,94.166666667,2018-2019
92.5%,94.0%,97.0%,0.8%,93.984962406,253,253,West Jefferson,253,3.8%,POLYGON,96.240601504,96.992481203,+43.8817889,-112.4182793,3.0%,96.240601504,90.740740741,West Jefferson School District 253,1,95.488721805,16,92.592592593,,,133,,,03400,95.488721805,2018-2019
91.3%,95.6%,94.4%,0.4%,95.619658120,261,261,Jerome,261,2.7%,POLYGON,95.299145299,96.794871795,+42.7419367,-114.3938641,5.6%,96.047008547,88.081395349,Jerome Joint School District 261,1,96.153846154,16,88.081395349,,,936,,,01590,95.192307692,2018-2019
96.3%,97.8%,100.0%,2.2%,97.761194030,262,262,Valley,262,1.5%,POLYGON,97.014925373,98.507462687,+42.6248221,-114.1518757,0.0%,99.253731343,97.674418605,Valley School District 262,1,97.761194030,16,97.674418605,,,134,,,03270,99.253731343,2018-2019
76.7%,87.1%,92.5%,1.7%,87.121535181,271,271,Coeur d'Alene,271,14.0%,POLYGON,86.353944563,88.443496802,+47.6771129,-116.6949184,7.5%,94.797441365,79.795396419,Coeur d'Alene School District 271,1,86.993603412,16,81.969309463,,,2345,,,00780,85.415778252,2018-2019
78.3%,88.4%,89.4%,0.6%,88.441145281,272,272,Lakeland,272,10.5%,POLYGON,87.274655355,89.395546129,+47.8824840,-116.7391911,10.6%,89.289501591,78.823529412,Lakeland Joint School District 272,1,88.441145281,16,82.352941176,,,943,,,01800,88.229056204,2018-2019
77.2%,87.4%,89.0%,0.9%,87.408491947,273,273,Post Falls,273,10.9%,POLYGON,88.067349927,89.311859444,+47.6990133,-116.9775686,11.0%,96.193265007,75.770925110,Post Falls School District 273,1,87.481698389,16,77.973568282,,,1366,,,02670,86.017569546,2018-2019
72.4%,72.4%,86.2%,6.9%,72.413793103,274,274,Kootenai,274,6.9%,POLYGON,86.206896552,93.103448276,+47.4974546,-116.6487485,13.8%,75.862068966,88.888888889,Kootenai Joint School District 274,1,72.413793103,16,88.888888889,,,29,,,01740,79.310344828,2018-2019
91.7%,96.5%,99.1%,1.3%,96.494464945,281,281,Moscow,281,6.1%,POLYGON,94.649446494,95.940959410,+46.7637860,-116.9547881,0.9%,95.756457565,95.384615385,Moscow School District 281,1,95.940959410,16,96.410256410,,,542,,,02220,93.911439114,2018-2019
91.0%,94.0%,98.5%,1.5%,94.029850746,282,282,Genesee,282,6.0%,POLYGON,94.029850746,95.522388060,+46.5633697,-116.8842432,1.5%,95.522388060,90.909090909,Genesee Joint School District 282,1,94.029850746,16,90.909090909,,,67,,,01200,94.029850746,2018-2019
91.8%,93.4%,96.7%,0.0%,93.442622951,283,283,Kendrick,283,4.9%,POLYGON,95.081967213,95.081967213,+46.6375984,-116.5508935,3.3%,95.081967213,92,Kendrick Joint School District 283,1,93.442622951,16,92,,,61,,,01680,93.442622951,2018-2019
92.0%,95.0%,100.0%,0.0%,95,285,285,Potlatch,285,8.0%,POLYGON,94,96,+46.9509593,-116.7988500,0.0%,95,93.939393939,Potlatch School District 285,1,95,16,93.939393939,,,100,,,02700,93,2018-2019
72.1%,82.0%,93.4%,0.0%,81.967213115,287,287,Troy,287,21.3%,POLYGON,75.409836066,81.967213115,+46.7419419,-116.7426795,6.6%,81.967213115,91.304347826,Troy School District 287,1,81.967213115,16,95.652173913,,,61,,,00009,80.327868852,2018-2019
71.9%,86.0%,93.0%,10.5%,85.964912281,288,288,Whitepine,288,10.5%,POLYGON,92.982456140,96.491228070,+46.8357559,-116.2472437,7.0%,89.473684211,77.272727273,Whitepine Joint School District 288,1,91.228070175,16,77.272727273,,,57,,,00010,87.719298246,2018-2019
78.9%,85.5%,84.3%,0.6%,85.542168675,291,291,Salmon,291,4.8%,POLYGON,84.337349398,91.566265060,+45.1198209,-114.2388196,15.7%,85.542168675,91.666666667,Salmon School District 291,1,85.542168675,16,91.666666667,,,166,,,02850,85.542168675,2018-2019
90.9%,90.9%,100.0%,0.0%,90.909090909,292,292,South Lemhi,292,9.1%,POLYGON,90.909090909,90.909090909,+44.6234792,-113.3561649,0.0%,90.909090909,100,South Lemhi School District 292,1,90.909090909,16,100,,,22,,,03030,90.909090909,2018-2019
89.5%,92.1%,100.0%,0.0%,92.105263158,302,302,Nezperce,302,10.5%,POLYGON,92.105263158,92.105263158,+46.2891281,-116.2535599,0.0%,92.105263158,84.615384615,Nezperce Joint School District 302,1,92.105263158,16,84.615384615,,,38,,,02400,89.473684211,2018-2019
90.3%,91.4%,98.9%,0.0%,91.397849462,304,304,Kamiah,304,8.6%,POLYGON,91.397849462,91.397849462,+46.2375369,-116.0089636,1.1%,91.397849462,85.714285714,Kamiah Joint School District 304,1,91.397849462,16,88.095238095,,,93,,,01620,91.397849462,2018-2019
78.2%,94.5%,100.0%,3.6%,94.545454545,305,305,Highland,305,18.2%,POLYGON,89.090909091,94.545454545,+46.2283183,-116.5442220,0.0%,92.727272727,87.5,Highland Joint School District 305,1,98.181818182,16,87.5,,,55,,,01440,89.090909091,2018-2019
89.0%,94.5%,96.3%,0.9%,94.495412844,312,312,Shoshone,312,6.4%,POLYGON,94.495412844,95.412844037,+42.9916016,-114.3363682,3.7%,94.495412844,95.121951220,Shoshone Joint School District 312,1,94.495412844,16,95.121951220,,,109,,,02940,92.660550459,2018-2019
58.5%,90.6%,69.8%,11.3%,90.566037736,314,314,Dietrich,314,0.0%,POLYGON,92.452830189,96.226415094,+42.8750124,-114.1550296,30.2%,92.452830189,20,Dietrich School District 314,1,90.566037736,16,30,,,53,,,00900,92.452830189,2018-2019
91.8%,93.9%,98.0%,0.0%,93.877551020,316,316,Richfield,316,6.1%,POLYGON,91.836734694,93.877551020,+43.0796845,-114.0058875,2.0%,91.836734694,91.666666667,Richfield School District 316,1,93.877551020,16,91.666666667,,,49,,,02760,89.795918367,2018-2019
86.5%,88.8%,92.4%,0.0%,88.752052545,321,321,Madison,321,5.9%,POLYGON,91.215106732,93.185550082,+43.7426162,-111.6296953,7.6%,88.998357964,97.330097087,Madison School District 321,1,89.490968801,16,97.330097087,,,1218,,,01920,88.505747126,2018-2019
92.0%,93.0%,98.2%,1.6%,93.018480493,322,322,Sugar-Salem,322,4.5%,POLYGON,93.429158111,95.277207392,+43.8933200,-111.7542472,1.8%,93.429158111,95.588235294,Sugar-Salem Joint School District 322,1,93.223819302,16,95.588235294,,,487,,,03090,93.429158111,2018-2019
92.7%,96.1%,99.1%,1.3%,96.064581231,331,331,Minidoka,331,5.0%,POLYGON,95.862764884,97.376387487,+42.8259850,-113.6630999,0.9%,96.770938446,95.335276968,Minidoka County Joint School District 331,1,96.569122099,16,95.918367347,,,991,,,02190,94.147325933,2018-2019
92.8%,96.0%,99.5%,0.4%,95.992714026,340,340,Lewiston,340,6.4%,POLYGON,95.446265938,96.174863388,+46.3294882,-116.9365795,0.5%,96.083788707,94.910941476,Lewiston Independent School District 340,1,96.083788707,16,95.165394402,,,1098,,,01860,94.717668488,2018-2019
92.0%,94.9%,96.4%,2.2%,94.927536232,341,341,Lapwai,341,2.2%,POLYGON,94.927536232,97.826086957,+46.2356165,-116.7879900,3.6%,94.927536232,96.153846154,Lapwai School District 341,1,95.652173913,16,96.153846154,,,138,,,01830,94.927536232,2018-2019
84.2%,94.7%,89.5%,0.0%,94.736842105,342,342,Culdesac,342,5.3%,POLYGON,94.736842105,94.736842105,+46.3927544,-116.6392157,10.5%,94.736842105,60,Culdesac Joint School District 342,1,94.736842105,16,60,,,19,,,00870,94.736842105,2018-2019
94.9%,96.6%,100.0%,0.0%,96.629213483,351,351,Oneida,351,5.1%,POLYGON,96.629213483,96.067415730,+42.1838954,-112.5204486,0.0%,96.629213483,93.220338983,Oneida County School District 351,1,96.067415730,16,96.610169492,,,178,,,02490,95.505617978,2018-2019
85.3%,87.4%,97.9%,0.0%,87.368421053,363,363,Marsing,363,12.6%,POLYGON,86.842105263,88.947368421,+43.3995788,-116.8994801,2.1%,88.421052632,86.567164179,Marsing Joint School District 363,1,88.947368421,16,85.074626866,,,190,,,01980,86.315789474,2018-2019
,N/A,,,,364,364,Pleasant Valley,364,,POLYGON,,,+42.7167009,-116.9164190,,,,Pleasant Valley Elementary School District 364,1,,16,,,,N/A,,,02610,,2018-2019
78.6%,92.9%,92.9%,0.0%,92.857142857,365,365,Bruneau-Grand View,365,14.3%,POLYGON,96.428571429,98.214285714,+42.5109704,-116.0020642,7.1%,92.857142857,76.190476190,Bruneau-Grand View Joint School District 365,1,94.642857143,16,85.714285714,,,56,,,00450,87.5,2018-2019
87.3%,92.0%,100.0%,1.8%,92,370,370,Homedale,370,10.9%,POLYGON,91.636363636,92.727272727,+43.5996136,-116.9483516,0.0%,90.909090909,95.049504950,Homedale Joint School District 370,1,91.636363636,16,95.049504950,,,275,,,01470,89.454545455,2018-2019
93.8%,98.9%,94.9%,0.3%,98.863636364,371,371,Payette,371,0.9%,POLYGON,98.863636364,94.318181818,+44.1047720,-116.7224677,5.1%,98.579545455,99.186991870,Payette Joint School District 371,1,98.863636364,16,99.186991870,,,352,,,02580,98.863636364,2018-2019
72.8%,79.6%,80.9%,0.0%,79.574468085,372,372,New Plymouth,372,8.1%,POLYGON,81.702127660,82.553191489,+43.9527068,-116.7267734,19.1%,82.553191489,90,New Plymouth School District 372,1,80,16,90,,,235,,,02370,79.148936170,2018-2019
93.3%,96.7%,100.0%,1.3%,96.666666667,373,373,Fruitland,373,5.4%,POLYGON,96.410256410,96.923076923,+43.9215444,-116.9143681,0.0%,96.923076923,95.488721805,Fruitland School District 373,1,96.153846154,16,95.488721805,,,390,,,01140,96.410256410,2018-2019
94.3%,98.9%,95.7%,0.6%,98.850574713,381,381,American Falls,381,0.9%,POLYGON,97.413793103,98.563218391,+42.7978246,-112.9388361,4.3%,98.850574713,91.269841270,American Falls Joint School District 381,1,98.563218391,16,92.857142857,,,348,,,00060,98.563218391,2018-2019
80.0%,84.0%,88.0%,0.0%,84,382,382,Rockland,382,8.0%,POLYGON,88,92,+42.4707326,-112.8373171,12.0%,84,77.777777778,Rockland School District 382,1,84,16,77.777777778,,,25,,,02820,84,2018-2019
,N/A,,,,383,383,Arbon,383,,POLYGON,,,+42.5607623,-112.5156795,,,,Arbon Elementary School District 383,1,,16,,,,N/A,,,00090,,2018-2019
73.9%,86.3%,85.5%,1.2%,86.345381526,391,391,Kellogg,391,10.4%,POLYGON,86.746987952,90.763052209,+47.5832824,-116.2577458,14.5%,85.542168675,83.720930233,Kellogg Joint School District 391,1,86.345381526,16,84.883720930,,,249,,,01650,82.329317269,2018-2019
67.7%,77.4%,93.5%,3.2%,77.419354839,392,392,Mullan,392,22.6%,POLYGON,77.419354839,80.645161290,+47.4430867,-115.7781423,6.5%,80.645161290,64.285714286,Mullan School District 392,1,80.645161290,16,78.571428571,,,31,,,02280,80.645161290,2018-2019
58.1%,71.4%,92.4%,1.0%,71.428571429,393,393,Wallace,393,33.3%,POLYGON,74.285714286,80.952380952,+47.7264437,-116.0057306,7.6%,73.333333333,71.875,Wallace School District 393,1,71.428571429,16,75,,,105,,,03300,69.523809524,2018-2019
,N/A,,,,394,394,Avery,394,,POLYGON,,,+47.1238627,-115.7764742,,,,Avery School District 394,1,,16,,,,N/A,,,00150,,2018-2019
84.2%,89.7%,94.0%,0.5%,89.712918660,401,401,Teton,401,9.3%,POLYGON,90.191387560,89.234449761,+43.7609939,-111.2117653,6.0%,90.430622010,94.666666667,Teton County School District 401,1,89.473684211,16,92,,,418,,,03180,88.277511962,2018-2019
84.9%,90.0%,90.1%,0.4%,90.021978022,411,411,Twin Falls,411,4.7%,POLYGON,92.571428571,93.890109890,+42.5185070,-114.4750292,9.9%,91.912087912,85.286458333,Twin Falls School District 411,1,91.868131868,16,85.677083333,,,2275,,,03240,90.901098901,2018-2019
84.2%,91.3%,90.3%,2.0%,91.326530612,412,412,Buhl,412,4.1%,POLYGON,91.326530612,91.326530612,+42.6874142,-114.8799790,9.7%,91.326530612,,Buhl Joint School District 412,1,91.326530612,16,,,,196,,,00480,91.326530612,2018-2019
78.2%,87.9%,83.0%,1.1%,87.931034483,413,413,Filer,413,3.7%,POLYGON,87.931034483,92.528735632,+42.2503060,-114.5346691,17.0%,87.931034483,70.149253731,Filer School District 413,1,89.080459770,16,69.402985075,,,348,,,01050,83.908045977,2018-2019
89.3%,94.7%,99.3%,1.5%,94.748358862,414,414,Kimberly,414,8.5%,POLYGON,93.873085339,94.967177243,+42.3945175,-114.3608332,0.7%,95.185995624,87.581699346,Kimberly School District 414,1,95.185995624,16,88.888888889,,,457,,,01710,94.748358862,2018-2019
83.6%,89.0%,98.6%,11.0%,89.041095890,415,415,Hansen,415,4.1%,POLYGON,90.410958904,90.410958904,+42.4926807,-114.2595123,1.4%,90.410958904,96.428571429,Hansen School District 415,1,90.410958904,16,96.428571429,,,73,,,01410,89.041095890,2018-2019
,N/A,,,,416,416,Three Creek,416,,POLYGON,,,+42.1118320,-115.1953358,,,,Three Creek Joint Elementary School District 416,1,,16,,,,N/A,,,03210,,2018-2019
63.1%,77.4%,79.8%,10.7%,77.380952381,417,417,Castleford,417,6.0%,POLYGON,82.142857143,83.333333333,+42.3931586,-114.9046171,20.2%,80.952380952,53.333333333,Castleford School District 417,1,82.142857143,16,53.333333333,,,84,,,00690,80.952380952,2018-2019
93.8%,96.9%,100.0%,2.1%,96.875,418,418,Murtaugh,418,4.2%,POLYGON,96.875,95.833333333,+42.4380707,-114.1371586,0.0%,94.791666667,100,Murtaugh Joint School District 418,1,96.875,16,100,,,96,,,02310,93.75,2018-2019
73.7%,85.6%,93.3%,0.7%,85.555555556,421,421,Mccall-Donnelly,421,18.9%,POLYGON,85.185185185,88.148148148,+44.9224290,-115.4552148,6.7%,85.925925926,74.712643678,McCall-Donnelly Joint School District 421,1,86.296296296,16,70.114942529,,,270,,,02030,84.074074074,2018-2019
91.8%,95.9%,93.9%,0.0%,95.918367347,422,422,Cascade,422,2.0%,POLYGON,97.959183673,97.959183673,+44.4620581,-115.7483573,6.1%,95.918367347,94.736842105,Cascade School District 422,1,95.918367347,16,94.736842105,,,49,,,00630,93.877551020,2018-2019
90.0%,92.0%,100.0%,0.6%,92.022792023,431,431,Weiser,431,9.4%,POLYGON,94.301994302,95.726495726,+44.3969086,-116.9390412,0.0%,93.447293447,91.240875912,Weiser School District 431,1,93.162393162,16,91.970802920,,,351,,,03330,92.307692308,2018-2019
55.0%,90.0%,80.0%,0.0%,90,432,432,Cambridge,432,25.0%,POLYGON,85,85,+44.6452085,-116.6224885,20.0%,90,50,Cambridge Joint School District 432,1,90,16,50,,,20,,,00570,80,2018-2019
75.0%,91.7%,95.8%,0.0%,91.666666667,433,433,Midvale,433,20.8%,POLYGON,100,100,+44.3851832,-116.5887611,4.2%,95.833333333,50,Midvale School District 433,1,91.666666667,16,50,,,24,,,02160,95.833333333,2018-2019
,N/A,,,,555,,Professional Technical,,,,,,,,,,,,1,,,,,,N/A,,,,,2018-2019
